이름,표준산업분류명,행정동명,지번주소,도로명주소,경도,위도
열꼬치,김밥 및 기타 간이 음식점업,온천3동,부산광역시 동래구 온천동 1451-64,부산광역시 동래구 미남로102번길 53,129.0723112,35.20387258
온천꼬치,간이 음식 포장 판매 전문점,온천2동,부산광역시 동래구 온천동 785-8,부산광역시 동래구 충렬대로107번길 127,129.072912,35.2123872
공서방떡집,떡류 제조업,부곡3동,부산광역시 금정구 부곡동 225-66,부산광역시 금정구 중앙대로1719번길 41,129.0899216,35.23768725
호도인,제과점업,구서1동,부산광역시 금정구 구서동 415-101,부산광역시 금정구 구서로 5,129.090225,35.24651324
시야김밥시야떡볶이,김밥 및 기타 간이 음식점업,부곡3동,부산광역시 금정구 부곡동 64-23,부산광역시 금정구 부곡온천천로 190,129.0905679,35.242326
씨트론과자점,제과점업,온천2동,부산광역시 동래구 온천동 707,부산광역시 동래구 충렬대로107번길 54,129.0738648,35.20840581
고고충무김밥,김밥 및 기타 간이 음식점업,온천3동,부산광역시 동래구 온천동 1454-24,부산광역시 동래구 충렬대로126번길 19,129.0743516,35.20509924
로완,간이 음식 포장 판매 전문점,장전1동,부산광역시 금정구 장전동 47-2,부산광역시 금정구 금강로279번길 42,129.0835796,35.23408391
모리,간이 음식 포장 판매 전문점,구서2동,부산광역시 금정구 구서동 158-3,부산광역시 금정구 두실로 25,129.0884559,35.26061967
써브웨이부산명륜점,피자; 햄버거; 샌드위치 및 유사 음식점업,명륜동,부산광역시 동래구 명륜동 681-35,부산광역시 동래구 명륜로187번길 49,129.0800032,35.21101293
황태자베이커리,제과점업,부곡1동,부산광역시 금정구 부곡동 304-1,부산광역시 금정구 부곡로 107,129.0913701,35.22565895
파리바게뜨동래내성점,제과점업,온천2동,부산광역시 동래구 온천동 1439-6,부산광역시 동래구 충렬대로 157,129.0774874,35.20492831
김밥천국,김밥 및 기타 간이 음식점업,부곡3동,부산광역시 금정구 부곡동 63-11,부산광역시 금정구 수림로 12,129.0923902,35.24057331
1등식탁,간이 음식 포장 판매 전문점,부곡4동,부산광역시 금정구 부곡동 977,부산광역시 금정구 부곡로42번길 25,129.0893244,35.219972
배스킨라빈스구서역점,김밥 및 기타 간이 음식점업,구서1동,부산광역시 금정구 구서동 415-101,부산광역시 금정구 구서로 5,129.090225,35.24651324
맛나프레즐,제과점업,구서1동,부산광역시 금정구 구서동 368,부산광역시 금정구 중앙대로1841번길 24,129.0905986,35.24994014
부대쌀떡볶이,김밥 및 기타 간이 음식점업,장전2동,부산광역시 금정구 장전동 403-23,부산광역시 금정구 부산대학로63번길 22,129.0839202,35.23065369
서가원김밥,김밥 및 기타 간이 음식점업,온천3동,부산광역시 동래구 온천동 1444-10,부산광역시 동래구 충렬대로108번길 6,129.0723543,35.20643112
분식그리고전,김밥 및 기타 간이 음식점업,온천3동,부산광역시 동래구 온천동 1253-25,부산광역시 동래구 아시아드대로219번길 17,129.0659017,35.20396413
돈비락,김밥 및 기타 간이 음식점업,구서2동,부산광역시 금정구 구서동 167-96,부산광역시 금정구 중앙대로1929번길 20,129.0902764,35.25664121
더크로와상구서점,제과점업,구서2동,부산광역시 금정구 구서동 203-9,부산광역시 금정구 구서중앙로15번길 28,129.0893844,35.2535657
배스킨라빈스부산금정 이마트점,김밥 및 기타 간이 음식점업,구서1동,부산광역시 금정구 구서동 368,부산광역시 금정구 중앙대로1841번길 24,129.0905986,35.24994014
브레드헤븐,제과점업,부곡3동,부산광역시 금정구 부곡동 65-91,부산광역시 금정구 수림로20번길 41,129.0899733,35.2414171
최고식품마싯는끼니,김밥 및 기타 간이 음식점업,온천2동,부산광역시 동래구 온천동 502-3,부산광역시 동래구 중앙대로 1393,129.0774734,35.21170521
써드비앤참,제과점업,온천3동,부산광역시 동래구 온천동 1442-22,부산광역시 동래구 미남로146번길 83,129.0746402,35.20522046
이화동,김밥 및 기타 간이 음식점업,명륜동,부산광역시 동래구 명륜동 532-27,부산광역시 동래구 충렬대로181번길 32,129.080084,35.20514505
태광떡방앗간,떡류 제조업,부곡1동,부산광역시 금정구 부곡동 303-22,부산광역시 금정구 가마실로 15-15,129.0909182,35.22559467
정가네가마솥떡볶이,김밥 및 기타 간이 음식점업,온천2동,부산광역시 동래구 온천동 1433-21,부산광역시 동래구 충렬대로137번길 27,129.0759529,35.20675694
선경떡방앗간,떡류 제조업,구서2동,부산광역시 금정구 구서동 822-2,부산광역시 금정구 금강로 576,129.0878708,35.25880044
입큰개구리,김밥 및 기타 간이 음식점업,부곡3동,부산광역시 금정구 부곡동 18-1,부산광역시 금정구 오륜대로 36,129.0959346,35.24257557
신전떡볶이구서점,김밥 및 기타 간이 음식점업,구서2동,부산광역시 금정구 구서동 735-29,부산광역시 금정구 금강로 545,129.0875812,35.25607498
성화양분식,김밥 및 기타 간이 음식점업,부곡4동,부산광역시 금정구 부곡동 726-7,부산광역시 금정구 서동로66번길 7,129.0944028,35.21760431
파리바게트금정 부곡점,제과점업,부곡1동,부산광역시 금정구 부곡동 305-1,부산광역시 금정구 부곡로 110,129.0919418,35.22568511
몽레브(Mon reve),제과점업,장전2동,부산광역시 금정구 장전동 538-1,부산광역시 금정구 금강로 209,129.0827646,35.22712306
뚜레쥬르부산동래래미안점,제과점업,온천2동,부산광역시 동래구 온천동 1853,부산광역시 동래구 충렬대로107번길 65,129.067458,35.21208399
청년다방 부산대점,김밥 및 기타 간이 음식점업,장전2동,부산광역시 금정구 장전동 40,부산광역시 금정구 부산대학로63번길 2,129.083829,35.23224128
아빠컵볶이,김밥 및 기타 간이 음식점업,온천2동,부산광역시 동래구 온천동 1853,부산광역시 동래구 충렬대로107번길 65,129.067458,35.21208399
명랑쌀핫도그온천장점,간이 음식 포장 판매 전문점,부곡4동,부산광역시 금정구 부곡동 873-33,부산광역시 금정구 오시게로 38,129.087193,35.22079278
김밥365,김밥 및 기타 간이 음식점업,구서2동,부산광역시 금정구 구서동 655-18,부산광역시 금정구 금강로 565,129.0874849,35.25788794
이삭토스트,피자; 햄버거; 샌드위치 및 유사 음식점업,온천2동,부산광역시 동래구 온천동 786-5,부산광역시 동래구 금강로 14,129.0727942,35.21250637
파리바게트두실선경점,제과점업,구서2동,부산광역시 금정구 구서동 184-38,부산광역시 금정구 중앙대로 1911,129.0910894,35.25493301
프레제구서점,제과점업,구서2동,부산광역시 금정구 구서동 167-96,부산광역시 금정구 중앙대로1929번길 20,129.0902764,35.25664121
지우분식,김밥 및 기타 간이 음식점업,온천1동,부산광역시 동래구 온천동 1850,부산광역시 동래구 온천장로65번길 9,129.079823,35.21643195
아가랑분식,김밥 및 기타 간이 음식점업,구서2동,부산광역시 금정구 구서동 654-52,부산광역시 금정구 금강로 567,129.0875673,35.25810279
숙희네왕만두,김밥 및 기타 간이 음식점업,부곡1동,부산광역시 금정구 부곡동 308-22,부산광역시 금정구 동부곡로6번길 7,129.0924604,35.22535174
베스트,간이 음식 포장 판매 전문점,온천1동,부산광역시 동래구 온천동 135-10,부산광역시 동래구 금강로 128,129.0804533,35.22004374
금정떡마을,떡류 제조업,장전1동,부산광역시 금정구 장전동 152-23,부산광역시 금정구 수림로71번길 62,129.0845564,35.2370589
마산분식,김밥 및 기타 간이 음식점업,장전1동,부산광역시 금정구 장전동 146-1,부산광역시 금정구 수림로85번길 47,129.0831791,35.23774947
땡큐이모,김밥 및 기타 간이 음식점업,구서2동,부산광역시 금정구 구서동 162-13,부산광역시 금정구 중앙대로1959번길 14,129.0905769,35.25935747
베베아또 부산본점,김밥 및 기타 간이 음식점업,명륜동,부산광역시 동래구 명륜동 756-1,부산광역시 동래구 문화로 33,129.0865157,35.21106304
떡순이방,떡류 제조업,온천3동,부산광역시 동래구 온천동 1459-2,부산광역시 동래구 충렬대로108번길 81,129.0737996,35.20325233
배떡 부산대점,김밥 및 기타 간이 음식점업,장전2동,부산광역시 금정구 장전동 423-39,부산광역시 금정구 부산대학로49번길 42,129.0852959,35.22947652
석봉토스트,피자; 햄버거; 샌드위치 및 유사 음식점업,구서2동,부산광역시 금정구 구서동 1049,부산광역시 금정구 금강로 503,129.0864946,35.2526874
에바다꼬치,간이 음식 포장 판매 전문점,장전1동,부산광역시 금정구 장전동 130-16,부산광역시 금정구 금강로335번길 38,129.0843919,35.23792683
별하늘,제과점업,구서2동,부산광역시 금정구 구서동 655-1,부산광역시 금정구 금강로565번길 7,129.0871676,35.25793847
선희네김밥,김밥 및 기타 간이 음식점업,온천3동,부산광역시 동래구 온천동 1425-16,부산광역시 동래구 미남로132번길 13,129.0703791,35.20604138
도리마리,김밥 및 기타 간이 음식점업,온천1동,부산광역시 동래구 온천동 154-36,부산광역시 동래구 온천장로 117,129.0846312,35.22109827
온천떡공장,떡류 제조업,부곡4동,부산광역시 금정구 부곡동 889-53,부산광역시 금정구 부곡로 6,129.0867125,35.21746682
앤티앤스프레즐,제과점업,장전2동,부산광역시 금정구 장전동 40,부산광역시 금정구 부산대학로63번길 2,129.083829,35.23224128
와플대학 부산대점,간이 음식 포장 판매 전문점,장전2동,부산광역시 금정구 장전동 414-3,부산광역시 금정구 부산대학로 23,129.088695,35.23097687
동림떡집,떡류 제조업,구서1동,부산광역시 금정구 구서동 86-8,부산광역시 금정구 수림로50번길 200,129.090171,35.24826239
에그토스트부산가톨릭대점,피자; 햄버거; 샌드위치 및 유사 음식점업,부곡3동,부산광역시 금정구 부곡동 9,부산광역시 금정구 오륜대로 57,129.0968785,35.24467691
정직유부 부산대점,일식 음식점업,장전2동,부산광역시 금정구 장전동 419-19,부산광역시 금정구 금강로 253,129.0846573,35.23070407
꼬지와친구들&카페,김밥 및 기타 간이 음식점업,온천3동,부산광역시 동래구 온천동 1266-17,부산광역시 동래구 사직북로28번길 126,129.0650453,35.2022305
마라김밥,김밥 및 기타 간이 음식점업,온천1동,부산광역시 동래구 온천동 153-8,부산광역시 동래구 중앙대로 1523,129.0855805,35.22128918
청춘라면,김밥 및 기타 간이 음식점업,부곡3동,부산광역시 금정구 부곡동 22-1,부산광역시 금정구 무학송로 132,129.0940527,35.24286049
튀김집커피집,김밥 및 기타 간이 음식점업,부곡4동,부산광역시 금정구 부곡동 873-35,부산광역시 금정구 오시게로 36-1,129.0871237,35.2206588
여우야,간이 음식 포장 판매 전문점,명륜동,부산광역시 동래구 명륜동 757,부산광역시 동래구 명륜로 170,129.0829515,35.20994393
뚜레쥬르부산대푸르지오,제과점업,부곡2동,부산광역시 금정구 부곡동 268-2,부산광역시 금정구 중앙대로 1617-12,129.0902875,35.22926422
니다나과자점,제과점업,장전1동,부산광역시 금정구 장전동 263-58,부산광역시 금정구 금강로321번길 35,129.0846062,35.23685979
불닭발엽기떡볶이 동대문,김밥 및 기타 간이 음식점업,명륜동,부산광역시 동래구 명륜동 533-158,부산광역시 동래구 온천천로 157,129.0789962,35.20554222
궁중떡메,떡류 제조업,온천3동,부산광역시 동래구 온천동 1468-12,부산광역시 동래구 충렬대로108번길 102,129.0737186,35.2022264
원조토스트,간이 음식 포장 판매 전문점,장전2동,부산광역시 금정구 장전동 400-54,부산광역시 금정구 부산대학로63번길 7,129.0842767,35.23127835
파리바게뜨구서역점,제과점업,구서1동,부산광역시 금정구 구서동 414-20,부산광역시 금정구 구서로 9,129.0897734,35.24646697
에스엠호두파야동래역사점,제과점업,온천2동,부산광역시 동래구 온천동 514-2,부산광역시 동래구 중앙대로 1324,129.078482,35.20561413
이흥용과자점,제과점업,장전2동,부산광역시 금정구 장전동 425-1,부산광역시 금정구 부산대학로63번길 30,129.0839327,35.230284
상옥떡방,떡류 제조업,장전1동,부산광역시 금정구 장전동 739,부산광역시 금정구 수림로72번길 21,129.0842154,35.24047111
미스터빠삭,김밥 및 기타 간이 음식점업,장전2동,부산광역시 금정구 장전동 414-11,부산광역시 금정구 장전온천천로 63,129.0888397,35.23062293
로반스윗,빵류; 과자류 및 당류 소매업,명륜동,부산광역시 동래구 명륜동 506-3,부산광역시 동래구 충렬대로 197,129.0811338,35.20455026
소정떡방아,떡류 제조업,장전2동,부산광역시 금정구 장전동 621-30,부산광역시 금정구 식물원로44번길 22,129.0836058,35.22609028
파리바게트,제과점업,장전1동,부산광역시 금정구 장전동 154-2,부산광역시 금정구 금강로335번길 23,129.0850906,35.2377616
언니케이크,빵류; 과자류 및 당류 소매업,온천1동,부산광역시 동래구 온천동 153-8,부산광역시 동래구 중앙대로 1523,129.085065,35.22088354
충무김밥,김밥 및 기타 간이 음식점업,명륜동,부산광역시 동래구 명륜동 403-1,부산광역시 동래구 명륜로112번길 9,129.083595,35.20375996
싱싱프루츠,간이 음식 포장 판매 전문점,온천3동,부산광역시 동래구 온천동 1450-82,부산광역시 동래구 미남로102번길 29,129.0710631,35.20357854
참새방앗간,김밥 및 기타 간이 음식점업,온천3동,부산광역시 동래구 온천동 1457-1,부산광역시 동래구 충렬대로140번길 32,129.0750418,35.20374469
봉림떡방앗간,떡류 제조업,명륜동,부산광역시 동래구 명륜동 5-6,부산광역시 동래구 명륜로 267,129.0854374,35.21698415
OPS,제과점업,구서2동,부산광역시 금정구 구서동 718-9,부산광역시 금정구 금강로 477,129.0876762,35.24992753
응급실국물떡볶이부산 온천점,김밥 및 기타 간이 음식점업,온천2동,부산광역시 동래구 온천동 397-27,부산광역시 동래구 금강로 25,129.0737553,35.21316577
더기베이글,제과점업,장전2동,부산광역시 금정구 장전동 401-11,부산광역시 금정구 부산대학로64번길 14,129.0845321,35.23224719
정항우케익 부산대점,제과점업,장전2동,부산광역시 금정구 장전동 418-1,부산광역시 금정구 금강로 280,129.0856582,35.23290364
고봉민김밥인,김밥 및 기타 간이 음식점업,온천3동,부산광역시 동래구 온천동 1412-1,부산광역시 동래구 아시아드대로 234,129.0676647,35.20421338
떡보의하루 동래점,빵류; 과자류 및 당류 소매업,명륜동,부산광역시 동래구 명륜동 533-153,부산광역시 동래구 충렬대로 180-4,129.0793113,35.20368945
전통떡집,떡류 제조업,구서2동,부산광역시 금정구 구서동 656-17,부산광역시 금정구 두실로37번길 82,129.0867362,35.25739622
느루베이커리,제과점업,구서1동,부산광역시 금정구 구서동 414-3,부산광역시 금정구 구서로 11,129.0896337,35.24658653
정원분식,김밥 및 기타 간이 음식점업,온천2동,부산광역시 동래구 온천동 707-1,부산광역시 동래구 중앙대로1367번길 25,129.0764854,35.2095594
우리할매떡볶이,김밥 및 기타 간이 음식점업,부곡2동,부산광역시 금정구 부곡동 292-36,부산광역시 금정구 동부곡로 7,129.092724,35.22577973
부산대정문토스트,피자; 햄버거; 샌드위치 및 유사 음식점업,장전2동,부산광역시 금정구 장전동 403-23,부산광역시 금정구 부산대학로63번길 22,129.0839202,35.23065369
온리스윗,제과점업,장전1동,부산광역시 금정구 장전동 60-9,부산광역시 금정구 구서온천천로 13,129.0883914,35.24140838
파리바게뜨부산대역점,제과점업,부곡2동,부산광역시 금정구 부곡동 298-14,부산광역시 금정구 중앙대로 1617-9,129.0900059,35.22898973
빨봉분식부산대역점,김밥 및 기타 간이 음식점업,장전2동,부산광역시 금정구 장전동 293-117,부산광역시 금정구 금정로60번길 39,129.0884374,35.22949442
하동녹차팥빙수,김밥 및 기타 간이 음식점업,온천2동,부산광역시 동래구 온천동 751-1,부산광역시 동래구 중앙대로1367번길 48-23,129.075688,35.21101493
민가네손만두,김밥 및 기타 간이 음식점업,부곡4동,부산광역시 금정구 부곡동 392-5,부산광역시 금정구 부곡로 43,129.0883529,35.22062859
골목분식,한식 일반 음식점업,온천2동,부산광역시 동래구 온천동 503-23,부산광역시 동래구 중앙대로1367번길 28-27,129.0768829,35.21050781
이모네집,김밥 및 기타 간이 음식점업,부곡4동,부산광역시 금정구 부곡동 391-15,부산광역시 금정구 동현로16번길 68,129.0879786,35.22102254
레스베러,제과점업,명륜동,부산광역시 동래구 명륜동 533-199,부산광역시 동래구 충렬대로 173,129.0791579,35.20413364
동남떡방앗간,떡류 제조업,구서1동,부산광역시 금정구 구서동 470-1,부산광역시 금정구 금강로 402,129.0875145,35.24362231
요요충무김밥,김밥 및 기타 간이 음식점업,온천1동,부산광역시 동래구 온천동 194-4,부산광역시 동래구 금강로 103,129.079121,35.21818323
유정튀김,간이 음식 포장 판매 전문점,온천1동,부산광역시 동래구 온천동 148-20,부산광역시 동래구 온천장로119번길 40,129.0827731,35.22186921
청학동떡마을,떡류 제조업,온천1동,부산광역시 동래구 온천동 141-6,부산광역시 동래구 온천장로119번가길 17,129.0818232,35.22122772
할매손충무김밥,김밥 및 기타 간이 음식점업,부곡2동,부산광역시 금정구 부곡동 267-73,부산광역시 금정구 중앙대로1629번길 26,129.0897423,35.23027391
써브웨이장전지하철역점,피자; 햄버거; 샌드위치 및 유사 음식점업,부곡3동,부산광역시 금정구 부곡동 223-56,부산광역시 금정구 중앙대로1719번길 30,129.0904765,35.23791196
오;그래요,제과점업,온천2동,부산광역시 동래구 온천동 1435-7,부산광역시 동래구 충렬대로137번길 28,129.076169,35.20661807
보리종파티세리,제과점업,부곡2동,부산광역시 금정구 부곡동 244-1,부산광역시 금정구 중앙대로 1667,129.0913878,35.23319223
부곡떡방앗간,떡류 제조업,부곡1동,부산광역시 금정구 부곡동 304-9,부산광역시 금정구 서부곡로5번길 17,129.0911598,35.22516696
진경순꼬마김밥,김밥 및 기타 간이 음식점업,장전2동,부산광역시 금정구 장전동 293-177,부산광역시 금정구 장전온천천로 57,129.088891,35.23005432
맛있어요,김밥 및 기타 간이 음식점업,구서1동,부산광역시 금정구 구서동 84-1,부산광역시 금정구 중앙대로 1817-11,129.0919049,35.2464842
구페베이커리,제과점업,온천3동,부산광역시 동래구 온천동 1459-15,부산광역시 동래구 충렬대로108번길 93,129.0737957,35.20266664
요거트아이스크림의정석 부산대점,기타 비알코올 음료점업,장전1동,부산광역시 금정구 장전동 129-13,부산광역시 금정구 금강로347번길 46,129.0845412,35.23904168
델리까뜨,제과점업,온천3동,부산광역시 동래구 온천동 1412-1,부산광역시 동래구 아시아드대로 234,129.0690413,35.20394654
명랑시대쌀핫도그 부산대점,피자; 햄버거; 샌드위치 및 유사 음식점업,장전2동,부산광역시 금정구 장전동 292-3,부산광역시 금정구 금정로68번길 30,129.0881092,35.23040124
중독떡볶이,김밥 및 기타 간이 음식점업,구서1동,부산광역시 금정구 구서동 87-9,부산광역시 금정구 구서로 12,129.089741,35.24734164
잇프리,간이 음식 포장 판매 전문점,명륜동,부산광역시 동래구 명륜동 644-13,부산광역시 동래구 동래로 69-1,129.0811489,35.2090107
깐도분식,김밥 및 기타 간이 음식점업,장전1동,부산광역시 금정구 장전동 393-2,부산광역시 금정구 부산대학로38번길 40,129.0877013,35.23291346
쉬프렘,제과점업,온천1동,부산광역시 동래구 온천동 153-4,부산광역시 동래구 온천장로119번길 1,129.0846786,35.22123263
몽쉐리,제과점업,구서2동,부산광역시 금정구 구서동 184-17,부산광역시 금정구 두실로7번길 97,129.0904919,35.25605174
다온아이엠분식,한식 일반 음식점업,부곡2동,부산광역시 금정구 부곡동 257-26,부산광역시 금정구 무학송로 6-1,129.092358,35.23162549
정성한끼김밥달인,김밥 및 기타 간이 음식점업,구서1동,부산광역시 금정구 구서동 1074,부산광역시 금정구 금샘로246번길 18,129.0855759,35.24384498
뚜레쥬르부산대학교점,제과점업,장전2동,부산광역시 금정구 장전동 415-23,부산광역시 금정구 금정로 72,129.086773,35.23097399
맛있는고로케,제과점업,온천2동,부산광역시 동래구 온천동 1435-29,부산광역시 동래구 중앙대로1335번길 17-1,129.076771,35.20654466
김밥가족,김밥 및 기타 간이 음식점업,명륜동,부산광역시 동래구 명륜동 399-6,부산광역시 동래구 명륜로94번길 41,129.083956,35.20414124
도아,김밥 및 기타 간이 음식점업,구서1동,부산광역시 금정구 구서동 87-32,부산광역시 금정구 구서로 14-6,129.0894574,35.24699509
충무김밥,김밥 및 기타 간이 음식점업,온천1동,부산광역시 동래구 온천동 210-66,부산광역시 동래구 금강로124번길 18,129.0810836,35.21935704
서브웨이부산대역점,피자; 햄버거; 샌드위치 및 유사 음식점업,장전2동,부산광역시 금정구 장전동 293-128,부산광역시 금정구 금정로60번길 40,129.0883772,35.2292882
승주네김밥,김밥 및 기타 간이 음식점업,부곡1동,부산광역시 금정구 부곡동 324-29,부산광역시 금정구 동부곡로6번길 42,129.0916665,35.22394165
풍미식당,김밥 및 기타 간이 음식점업,온천1동,부산광역시 동래구 온천동 134-5,부산광역시 동래구 금강로131번길 9,129.0800282,35.22060075
금미떡방앗간,떡류 제조업,장전1동,부산광역시 금정구 장전동 62-35,부산광역시 금정구 수림로50번길 48,129.0874075,35.24202011
뉴김밥잔치,김밥 및 기타 간이 음식점업,온천3동,부산광역시 동래구 온천동 1448-1,부산광역시 동래구 충렬대로86번길 62,129.0698873,35.20396813
금샘떡집,떡류 제조업,구서2동,부산광역시 금정구 구서동 1017-35,부산광역시 금정구 중앙대로1959번길 74,129.087113,35.25923706
팔복떡집,떡류 제조업,부곡2동,부산광역시 금정구 부곡동 287-19,부산광역시 금정구 동부곡로9번길 28,129.0932483,35.22695116
이레김밥,김밥 및 기타 간이 음식점업,구서1동,부산광역시 금정구 구서동 87-31,부산광역시 금정구 구서로 14-8,129.0894602,35.24710318
메노미니떡사랑방,떡류 제조업,구서2동,부산광역시 금정구 구서동 742-17,부산광역시 금정구 금강로 531,129.0875724,35.25487661
파리바게트,제과점업,온천3동,부산광역시 동래구 온천동 1248-13,부산광역시 동래구 아시아드대로 233,129.0671642,35.2048257
이음,간이 음식 포장 판매 전문점,온천1동,부산광역시 동래구 온천동 186-76,부산광역시 동래구 차밭골로20번길 31-1,129.0805396,35.21740188
두끼떡볶이 부산대점,김밥 및 기타 간이 음식점업,장전2동,부산광역시 금정구 장전동 415-21,부산광역시 금정구 금정로 70,129.0866382,35.23085916
햇살머믄꼬마김밥,김밥 및 기타 간이 음식점업,명륜동,부산광역시 동래구 명륜동 677-13,부산광역시 동래구 명륜로 183,129.0823412,35.21012565
보리종파티세리장전점,제과점업,장전2동,부산광역시 금정구 장전동 607-37,부산광역시 금정구 식물원로 11,129.0867339,35.22387362
온천장우리떡집,떡류 제조업,장전2동,부산광역시 금정구 장전동 602-3,부산광역시 금정구 식물원로39번길 25,129.0838951,35.22366121
미성분식,한식 일반 음식점업,온천1동,부산광역시 동래구 온천동 444-66,부산광역시 동래구 금강로74번길 13,129.0785257,35.21550803
금호탕제원,간이 음식 포장 판매 전문점,부곡1동,부산광역시 금정구 부곡동 612-1,부산광역시 금정구 동부곡로12번길 88-3,129.0970464,35.22474968
수복분식,김밥 및 기타 간이 음식점업,온천3동,부산광역시 동래구 온천동 1380-2,부산광역시 동래구 아시아드대로220번길 30,129.0683008,35.20288683
명성만두,김밥 및 기타 간이 음식점업,명륜동,부산광역시 동래구 명륜동 533-81,부산광역시 동래구 충렬대로 177,129.0794508,35.20399344
맛짱떡볶이,김밥 및 기타 간이 음식점업,부곡2동,부산광역시 금정구 부곡동 296-1,부산광역시 금정구 부곡로141번길 1,129.0918907,35.22839845
더라이스,제과점업,명륜동,부산광역시 동래구 명륜동 671-6,부산광역시 동래구 동래로79번길 26,129.0816552,35.20948862
쉬프렘베이커리,제과점업,장전2동,부산광역시 금정구 장전동 579-5,부산광역시 금정구 식물원로 61-1,129.0816201,35.22531342
우리쌀왕호두,제과점업,온천1동,부산광역시 동래구 온천동 1750-1,부산광역시 동래구 중앙대로 1520,129.0858956,35.21986895
고전떡집,떡류 제조업,온천2동,부산광역시 동래구 온천동 707,부산광역시 동래구 충렬대로107번길 54,129.0740091,35.20889897
떡구름,제과점업,구서2동,부산광역시 금정구 구서동 1005-4,부산광역시 금정구 금샘로 445,129.0843376,35.26283543
온천만두,한식 일반 음식점업,온천1동,부산광역시 동래구 온천동 40-15,부산광역시 동래구 온천장로125번길 61-2,129.0824164,35.22381282
이레푸드74,김밥 및 기타 간이 음식점업,온천3동,부산광역시 동래구 온천동 1243-1,부산광역시 동래구 사직북로48번길 172,129.0644674,35.20585399
땡초불닭발동대문엽기떡뽁이 부산대점,김밥 및 기타 간이 음식점업,장전2동,부산광역시 금정구 장전동 419-10,부산광역시 금정구 금강로 271-4,129.0852299,35.23247847
밀당,제과점업,장전1동,부산광역시 금정구 장전동 222-1,부산광역시 금정구 금강로 336,129.0866531,35.23786983
김밥나라,김밥 및 기타 간이 음식점업,부곡2동,부산광역시 금정구 부곡동 295-16,부산광역시 금정구 부곡로 112,129.0920009,35.2258463
인정국물떡볶이 동래점,김밥 및 기타 간이 음식점업,온천3동,부산광역시 동래구 온천동 1452-35,부산광역시 동래구 충렬대로108번길 63,129.0733127,35.20396357
브리앙,제과점업,온천1동,부산광역시 동래구 온천동 150-15,부산광역시 동래구 온천장로119번길 26,129.0835609,35.22175652
소다미,김밥 및 기타 간이 음식점업,장전2동,부산광역시 금정구 장전동 419-10,부산광역시 금정구 금강로 271-4,129.0852299,35.23247847
유명토스트,피자; 햄버거; 샌드위치 및 유사 음식점업,구서1동,부산광역시 금정구 구서동 87-9,부산광역시 금정구 구서로 12,129.089741,35.24734164
배스킨라빈스부산온천장점,빵류; 과자류 및 당류 소매업,온천1동,부산광역시 동래구 온천동 155-2,부산광역시 동래구 온천장로 114,129.0848051,35.22059965
진만두가 부곡점,김밥 및 기타 간이 음식점업,부곡3동,부산광역시 금정구 부곡동 223-70,부산광역시 금정구 중앙대로1719번길 18,129.0911469,35.23792741
신전떡볶이,김밥 및 기타 간이 음식점업,장전2동,부산광역시 금정구 장전동 418-63,부산광역시 금정구 금강로 272-1,129.0854906,35.23236584
삼삼만두,김밥 및 기타 간이 음식점업,온천1동,부산광역시 동래구 온천동 149-13,부산광역시 동래구 금강공원로20번길 65,129.0831337,35.22179993
배스킨라빈스부산장전역,김밥 및 기타 간이 음식점업,부곡3동,부산광역시 금정구 부곡동 225-58,부산광역시 금정구 중앙대로1719번길 47,129.089539,35.2373334
기찰떡방앗간,떡류 제조업,부곡3동,부산광역시 금정구 부곡동 221-5,부산광역시 금정구 무학송로 70,129.0930847,35.23725409
파리바게뜨구서점,제과점업,구서2동,부산광역시 금정구 구서동 656-10,부산광역시 금정구 금강로565번길 15,129.0867402,35.25798189
우리집김밥,김밥 및 기타 간이 음식점업,온천1동,부산광역시 동래구 온천동 193-3,부산광역시 동래구 금강로 101-1,129.0790734,35.21803986
파리바게트,제과점업,명륜동,부산광역시 동래구 명륜동 676-23,부산광역시 동래구 명륜로 188,129.0828361,35.21058573
올베이크,제과점업,장전1동,부산광역시 금정구 장전동 385-1,부산광역시 금정구 부산대학로64번길 94-8,129.0858648,35.23539626
파리바게뜨 금정점,제과점업,장전2동,부산광역시 금정구 장전동 629-2,부산광역시 금정구 금강로 208,129.0832197,35.22688093
셰프윤찹쌀꽈배기,제과점업,장전1동,부산광역시 금정구 장전동 130-25,부산광역시 금정구 금강로335번길 40,129.0842386,35.2379475
온도케이크,제과점업,명륜동,부산광역시 동래구 명륜동 532-18,부산광역시 동래구 충렬대로181번길 15,129.0797696,35.20443854
오복떡방앗간,떡류 제조업,구서1동,부산광역시 금정구 구서동 258-13,부산광역시 금정구 금강로446번길 19,129.0890983,35.24798354
대박떡볶이,김밥 및 기타 간이 음식점업,부곡3동,부산광역시 금정구 부곡동 223-63,부산광역시 금정구 중앙대로1719번길 24,129.0908171,35.23791509
파리바게뜨 온천점,제과점업,온천1동,부산광역시 동래구 온천동 212-27,부산광역시 동래구 금강공원로 26,129.0818911,35.21915391
뉴욕핫도그,피자; 햄버거; 샌드위치 및 유사 음식점업,온천1동,부산광역시 동래구 온천동 153-8,부산광역시 동래구 중앙대로 1523,129.0855805,35.22128918
부곡분식,김밥 및 기타 간이 음식점업,부곡1동,부산광역시 금정구 부곡동 308-1,부산광역시 금정구 동부곡로 10,129.0927418,35.22561721
더마셔,김밥 및 기타 간이 음식점업,장전2동,부산광역시 금정구 장전동 418-34,부산광역시 금정구 부산대학로50번길 11-8,129.0856802,35.23204717
고봉민김밥인구서점,김밥 및 기타 간이 음식점업,구서2동,부산광역시 금정구 구서동 718-9,부산광역시 금정구 금강로 477,129.0876762,35.24992753
지성떡,떡류 제조업,부곡2동,부산광역시 금정구 부곡동 274-15,부산광역시 금정구 동부곡로5번길 81,129.092817,35.22940073
할매분식,김밥 및 기타 간이 음식점업,온천2동,부산광역시 동래구 온천동 1404-1,부산광역시 동래구 우장춘로4번길 19,129.0714537,35.20814972
더브라운테이블,김밥 및 기타 간이 음식점업,부곡3동,부산광역시 금정구 부곡동 9,부산광역시 금정구 오륜대로 57,129.0968785,35.24467691
마음한줄,김밥 및 기타 간이 음식점업,장전2동,부산광역시 금정구 장전동 341-11,부산광역시 금정구 장전로 22-1,129.0864622,35.2282759
브로넛,제과점업,장전2동,부산광역시 금정구 장전동 302-10,부산광역시 금정구 장전로20번길 28,129.0875545,35.22932943
뚜레쥬르동래허브스카이점,제과점업,온천1동,부산광역시 동래구 온천동 153-8,부산광역시 동래구 중앙대로 1523,129.0855805,35.22128918
금화떡방앗간,떡류 제조업,온천1동,부산광역시 동래구 온천동 147-18,부산광역시 동래구 온천장로119번길 44-8,129.082801,35.22210303
더김밥77,김밥 및 기타 간이 음식점업,장전1동,부산광역시 금정구 장전동 155-19,부산광역시 금정구 금강로335번길 11,129.0857837,35.23780372
호자베이커리,제과점업,장전1동,부산광역시 금정구 장전동 154-33,부산광역시 금정구 금강로321번길 32,129.0847755,35.2370371
201과자점,제과점업,부곡4동,부산광역시 금정구 부곡동 394-17,부산광역시 금정구 부곡로 41,129.0881498,35.22041582
이대충무할매김밥,김밥 및 기타 간이 음식점업,온천3동,부산광역시 동래구 온천동 1459-45,부산광역시 동래구 여고북로 179,129.0745358,35.20241065
명물토스트,피자; 햄버거; 샌드위치 및 유사 음식점업,장전2동,부산광역시 금정구 장전동 400-61,부산광역시 금정구 부산대학로 63,129.0843894,35.23139356
화오뎅떡볶이,김밥 및 기타 간이 음식점업,부곡3동,부산광역시 금정구 부곡동 225-1,부산광역시 금정구 중앙대로1719번길 61,129.0888667,35.23766943
명가김밥,김밥 및 기타 간이 음식점업,온천1동,부산광역시 동래구 온천동 429-10,부산광역시 동래구 금강로 59-1,129.0769322,35.21459819
정식당,김밥 및 기타 간이 음식점업,장전2동,부산광역시 금정구 장전동 360-24,부산광역시 금정구 장전로 51,129.0834788,35.22928253
앤티앤스예현F&B,제과점업,온천2동,부산광역시 동래구 온천동 502-3,부산광역시 동래구 중앙대로 1393,129.0774734,35.21170521
브로쓰마카롱,빵류; 과자류 및 당류 소매업,명륜동,부산광역시 동래구 명륜동 324-5,부산광역시 동래구 명륜로138번길 25,129.0833741,35.20671954
을찌로국물떡볶이,김밥 및 기타 간이 음식점업,온천2동,부산광역시 동래구 온천동 1432-4,부산광역시 동래구 충렬대로117번길 16,129.073985,35.20708806
배스킨라빈스부산 동래점,김밥 및 기타 간이 음식점업,온천2동,부산광역시 동래구 온천동 751-15,부산광역시 동래구 중앙대로1381번길 37,129.0758835,35.21093047
이고움디저트,제과점업,장전2동,부산광역시 금정구 장전동 607-24,부산광역시 금정구 식물원로17번길 7,129.0862191,35.22392755
시우네감자쌀손만두,한식 면 요리 전문점,부곡1동,부산광역시 금정구 부곡동 324-24,부산광역시 금정구 가마실로 28,129.0917592,35.22456184
온담떡공방,떡류 제조업,명륜동,부산광역시 동래구 명륜동 795-1,부산광역시 동래구 명륜로 222,129.0836692,35.21396872
아네모네분식,김밥 및 기타 간이 음식점업,부곡3동,부산광역시 금정구 부곡동 9-21,부산광역시 금정구 오륜대로 46,129.0969358,35.24306287
돼지팥빙수,기타 비알코올 음료점업,구서2동,부산광역시 금정구 구서동 192-5,부산광역시 금정구 구서중앙로15번길 2,129.0894138,35.25470964
파리바게뜨온천스카이점,제과점업,온천1동,부산광역시 동래구 온천동 151-14,부산광역시 동래구 온천장로125번길 11,129.0845061,35.22221785
떡만드는카페,떡류 제조업,구서1동,부산광역시 금정구 구서동 775-4,부산광역시 금정구 중앙대로1841번길 81,129.0876605,35.24931503
빵들리에,제과점업,부곡3동,부산광역시 금정구 부곡동 225-58,부산광역시 금정구 중앙대로1719번길 47,129.089539,35.2373334
부산떡방앗간,떡류 제조업,장전1동,부산광역시 금정구 장전동 213-9,부산광역시 금정구 금정로149번길 8,129.0872853,35.23811125
더크로와상,제과점업,장전2동,부산광역시 금정구 장전동 400-1,부산광역시 금정구 부산대학로 60-1,129.0847598,35.23170258
수앙,제과점업,구서1동,부산광역시 금정구 구서동 472-12,부산광역시 금정구 금강로391번길 14,129.0861456,35.24335755
스웨터,제과점업,장전2동,부산광역시 금정구 장전동 300-12,부산광역시 금정구 장전로20번길 23,129.0871094,35.22910281
먹거리천국,김밥 및 기타 간이 음식점업,명륜동,부산광역시 동래구 명륜동 533,부산광역시 동래구 충렬대로181번길 27,129.079894,35.20501314
뚜레쥬르부산 온천점,제과점업,온천1동,부산광역시 동래구 온천동 442-5,부산광역시 동래구 금강로62번길 3,129.0773214,35.21478976
봉구스밥버거앤텐더크래커부산대 정문점,김밥 및 기타 간이 음식점업,장전2동,부산광역시 금정구 장전동 419-56,부산광역시 금정구 부산대학로63번길 22,129.0839202,35.23065369
정다운김밥&떡볶이,한식 면 요리 전문점,장전2동,부산광역시 금정구 장전동 312-21,부산광역시 금정구 금정로68번길 12-12,129.0872032,35.23019158
원조미성왕만두,김밥 및 기타 간이 음식점업,온천1동,부산광역시 동래구 온천동 193-5,부산광역시 동래구 금강로106번길 14-5,129.0800807,35.21792343
김밥천국,김밥 및 기타 간이 음식점업,명륜동,부산광역시 동래구 명륜동 533-229,부산광역시 동래구 온천천로 165,129.0789589,35.20493909
송사부수제고로케이마트 금정점,제과점업,구서1동,부산광역시 금정구 구서동 368,부산광역시 금정구 중앙대로1841번길 24,129.0905986,35.24994014
스페셜오더,제과점업,구서1동,부산광역시 금정구 구서동 774-29,부산광역시 금정구 중앙대로1841번길 93,129.0868923,35.2493463
청도떡방아간,떡류 제조업,부곡1동,부산광역시 금정구 부곡동 531-2,부산광역시 금정구 동부곡로12번길 23-4,129.0940916,35.2251523
달달설기디저트카페,제과점업,온천3동,부산광역시 동래구 온천동 1234-17,부산광역시 동래구 석사북로 103-3,129.0672092,35.20616766
봉구스밥버거 부산대점,김밥 및 기타 간이 음식점업,장전1동,부산광역시 금정구 장전동 147-22,부산광역시 금정구 수림로81번길 63,129.0836769,35.23702899
전문제과,제과점업,온천1동,부산광역시 동래구 온천동 146-47,부산광역시 동래구 온천장로125번길 41-15,129.0830238,35.22265791
테제,제과점업,명륜동,부산광역시 동래구 명륜동 29,부산광역시 동래구 시실로24번길 16,129.0858545,35.21612087
햇살머믄꼬마김밥,김밥 및 기타 간이 음식점업,부곡3동,부산광역시 금정구 부곡동 64-23,부산광역시 금정구 부곡온천천로 190,129.0905679,35.242326
디델리 부산대점,김밥 및 기타 간이 음식점업,장전2동,부산광역시 금정구 장전동 415-19,부산광역시 금정구 금정로68번길 11,129.0871292,35.23073355
하루,김밥 및 기타 간이 음식점업,부곡4동,부산광역시 금정구 부곡동 392-27,부산광역시 금정구 동현로16번길 63,129.0882974,35.22103506
초원베이커리,빵류; 과자류 및 당류 소매업,온천3동,부산광역시 동래구 온천동 1459-47,부산광역시 동래구 충렬대로108번길 97,129.0738997,35.20243957
미정제과,제과점업,온천2동,부산광역시 동래구 온천동 1401-14,부산광역시 동래구 우장춘로 10,129.0700814,35.20858773
푸드정,간이 음식 포장 판매 전문점,부곡1동,부산광역시 금정구 부곡동 324-25,부산광역시 금정구 가마실로 30,129.0918667,35.22446986
복떡방,떡류 제조업,온천2동,부산광역시 동래구 온천동 728-9,부산광역시 동래구 충렬대로107번길 41,129.0728489,35.20861245
오정은a김밥구서점,서양식 음식점업,구서1동,부산광역시 금정구 구서동 413-8,부산광역시 금정구 수림로72번길 146,129.0879629,35.2456872
맷돌분식,김밥 및 기타 간이 음식점업,구서2동,부산광역시 금정구 구서동 1017-37,부산광역시 금정구 두실로37번길 37,129.0869723,35.25932059
행복밥상,김밥 및 기타 간이 음식점업,구서2동,부산광역시 금정구 구서동 158-16,부산광역시 금정구 두실로23번길 30,129.0884663,35.25931283
김태호과자점,제과점업,구서2동,부산광역시 금정구 구서동 194-7,부산광역시 금정구 중앙대로 1907,129.0911381,35.25468886
레이디에이치케이크,제과점업,부곡2동,부산광역시 금정구 부곡동 275-16,부산광역시 금정구 부곡로142번길 13,129.0929695,35.22849694
분식입니다,김밥 및 기타 간이 음식점업,온천1동,부산광역시 동래구 온천동 153-8,부산광역시 동래구 중앙대로 1523,129.0855805,35.22128918
배스킨라빈스명륜 아이파크점,김밥 및 기타 간이 음식점업,명륜동,부산광역시 동래구 명륜동 7-1,부산광역시 동래구 시실로 22,129.086156,35.21674648
구서김밥,김밥 및 기타 간이 음식점업,구서1동,부산광역시 금정구 구서동 258-10,부산광역시 금정구 금강로446번길 21,129.0892592,35.24826012
코로로,제과점업,온천3동,부산광역시 동래구 온천동 1441-38,부산광역시 동래구 충렬대로140번길 17,129.0756338,35.20457262
뉴황태자,제과점업,온천1동,부산광역시 동래구 온천동 148-14,부산광역시 동래구 온천장로119번가길 3,129.0822537,35.22174298
정대감충무김밥 부곡점,김밥 및 기타 간이 음식점업,부곡1동,부산광역시 금정구 부곡동 303-28,부산광역시 금정구 가마실로 15-2,129.0907056,35.2250126
까만만두,김밥 및 기타 간이 음식점업,온천2동,부산광역시 동래구 온천동 1435-2,부산광역시 동래구 중앙대로1335번길 27,129.0762908,35.20666103
2代바우떡집,떡류 제조업,부곡3동,부산광역시 금정구 부곡동 21-19,부산광역시 금정구 중앙대로1778번길 22,129.0944818,35.2428891
다담김밥,김밥 및 기타 간이 음식점업,구서1동,부산광역시 금정구 구서동 409-19,부산광역시 금정구 구서로 30,129.087841,35.24693289
마카러버,제과점업,부곡3동,부산광역시 금정구 부곡동 974,부산광역시 금정구 부곡온천천로 170,129.0891898,35.24084489
한아름떡집,떡류 제조업,온천1동,부산광역시 동래구 온천동 146-29,부산광역시 동래구 온천장로125번길 41-2,129.0831563,35.22311521
써니페스트리,제과점업,온천2동,부산광역시 동래구 온천동 1429-8,부산광역시 동래구 중앙대로1335번길 91,129.0730334,35.20766308
이삭토스트구서역점,피자; 햄버거; 샌드위치 및 유사 음식점업,구서1동,부산광역시 금정구 구서동 415-2,부산광역시 금정구 금정로233번길 41,129.0908062,35.24647616
씨트론과자점,제과점업,온천2동,부산광역시 동래구 온천동 777,부산광역시 동래구 중앙대로1367번길 70-24,129.0748612,35.21131747
김밥천국,김밥 및 기타 간이 음식점업,온천3동,부산광역시 동래구 온천동 1412-4,부산광역시 동래구 아시아드대로228번길 6,129.067351,35.20396642
유부부구서점,김밥 및 기타 간이 음식점업,구서1동,부산광역시 금정구 구서동 413-37,부산광역시 금정구 금강로 427,129.0885993,35.24565819
상대양과,제과점업,온천1동,부산광역시 동래구 온천동 146-29,부산광역시 동래구 온천장로125번길 41-2,129.0831563,35.22311521
김밥천국두실점,김밥 및 기타 간이 음식점업,구서2동,부산광역시 금정구 구서동 654-46,부산광역시 금정구 금강로 571-30,129.0871072,35.25815579
던킨부산구서점,제과점업,구서1동,부산광역시 금정구 구서동 87-26,부산광역시 금정구 구서로 20,129.0890479,35.246876
땡초떡볶이,김밥 및 기타 간이 음식점업,장전1동,부산광역시 금정구 장전동 146-19,부산광역시 금정구 금강로321번길 62,129.0831166,35.23702062
봉구스밥버거가톨릭대점,김밥 및 기타 간이 음식점업,부곡3동,부산광역시 금정구 부곡동 9-22,부산광역시 금정구 오륜대로 43,129.0963006,35.24313695
맛있지요/구서역점,김밥 및 기타 간이 음식점업,구서1동,부산광역시 금정구 구서동 475,부산광역시 금정구 금정로233번길 46,129.091299,35.24726966
미남만두,한식 면 요리 전문점,온천3동,부산광역시 동래구 온천동 1234-6,부산광역시 동래구 석사북로 99,129.0668075,35.20591318
떡아뜰리에,떡류 제조업,부곡3동,부산광역시 금정구 부곡동 221-11,부산광역시 금정구 무학송로 64,129.0929837,35.23674219
대성떡집,떡류 제조업,부곡3동,부산광역시 금정구 부곡동 225-6,부산광역시 금정구 중앙대로1685번길 22,129.0906585,35.23516032
소사베이커리,제과점업,장전1동,부산광역시 금정구 장전동 232-18,부산광역시 금정구 금정로119번길 14,129.0867131,35.23549878
부림분식,한식 일반 음식점업,부곡2동,부산광역시 금정구 부곡동 295-27,부산광역시 금정구 동부곡로5번길 5,129.0922498,35.22613036
겐츠베이커리롯데동래점 백화점,제과점업,온천2동,부산광역시 동래구 온천동 502-3,부산광역시 동래구 중앙대로 1393,129.0774734,35.21170521
글로벌김밥,김밥 및 기타 간이 음식점업,구서2동,부산광역시 금정구 구서동 203-14,부산광역시 금정구 중앙대로1893번길 38,129.0891314,35.25355204
스페로스페라,간이 음식 포장 판매 전문점,장전2동,부산광역시 금정구 장전동 419-56,부산광역시 금정구 부산대학로63번길 22,129.0839202,35.23065369
임프레저트,제과점업,장전1동,부산광역시 금정구 장전동 74-60,부산광역시 금정구 금강로335번길 118,129.080144,35.23803599
두근두근주먹밥,김밥 및 기타 간이 음식점업,장전1동,부산광역시 금정구 장전동 146-6,부산광역시 금정구 수림로85번길 61,129.0831076,35.23710187
명천떡방아간,떡류 제조업,부곡2동,부산광역시 금정구 부곡동 292-24,부산광역시 금정구 동부곡로9번길 9,129.0928755,35.22611954
권스와아이들,제과점업,장전2동,부산광역시 금정구 장전동 421-23,부산광역시 금정구 부산대학로 45,129.0863375,35.23112568
블룸,간이 음식 포장 판매 전문점,구서2동,부산광역시 금정구 구서동 769-13,부산광역시 금정구 금샘로 327,129.0840625,35.25252206
파리바게뜨 동래역점,제과점업,명륜동,부산광역시 동래구 명륜동 503-7,부산광역시 동래구 명륜로129번길 8,129.0817387,35.20545002
던킨도넛,제과점업,온천1동,부산광역시 동래구 온천동 153-8,부산광역시 동래구 중앙대로 1523,129.085065,35.22088354
송스베이커리카페,제과점업,부곡3동,부산광역시 금정구 부곡동 65-15,부산광역시 금정구 수림로 26,129.0897611,35.23999696
강다짐삼각김밥,간이 음식 포장 판매 전문점,장전2동,부산광역시 금정구 장전동 402-3,부산광역시 금정구 부산대학로64번길 6,129.084411,35.23180771
별난씨호떡,간이 음식 포장 판매 전문점,장전2동,부산광역시 금정구 장전동 643-306,부산광역시 금정구 금정로60번길 46,129.0886955,35.22928271
세이지케이크,간이 음식 포장 판매 전문점,장전2동,부산광역시 금정구 장전동 293-166,부산광역시 금정구 금정로60번길 27-8,129.0880304,35.22989795
라면다방,간이 음식 포장 판매 전문점,명륜동,부산광역시 동래구 명륜동 676-114,부산광역시 동래구 명륜로187번길 3,129.0822816,35.21036998
김밥천국,김밥 및 기타 간이 음식점업,부곡4동,부산광역시 금정구 부곡동 394-21,부산광역시 금정구 오시게로42번길 18,129.0879579,35.22064441
베러댄와플명륜점,커피 전문점,명륜동,부산광역시 동래구 명륜동 777,부산광역시 동래구 시실로 23,129.0866305,35.21683743
본비당,제과점업,구서1동,부산광역시 금정구 구서동 468-32,부산광역시 금정구 금정로193번길 6,129.0882015,35.24214158
오정은a김밥동래래미안점,한식 일반 음식점업,온천2동,부산광역시 동래구 온천동 782-9,부산광역시 동래구 충렬대로107번길 116,129.0733473,35.21180301
삼첩분식 부산대점,김밥 및 기타 간이 음식점업,장전1동,부산광역시 금정구 장전동 388-37,부산광역시 금정구 금강로 285,129.0855314,35.23352762
삐삐콩,제과점업,온천2동,부산광역시 동래구 온천동 1408-6,부산광역시 동래구 충렬대로95번길 15,129.0716424,35.20866014
할매손충무김밥,김밥 및 기타 간이 음식점업,온천1동,부산광역시 동래구 온천동 153-8,부산광역시 동래구 중앙대로 1523,129.0855805,35.22128918
쿠루미제과,제과점업,명륜동,부산광역시 동래구 명륜동 721-21,부산광역시 동래구 온천천로 71-1,129.0804648,35.21275323
여우애김밥부산명륜점,김밥 및 기타 간이 음식점업,명륜동,부산광역시 동래구 명륜동 696-147,부산광역시 동래구 명륜로 195,129.0825566,35.21124838
로자스,제과점업,장전2동,부산광역시 금정구 장전동 643-318,부산광역시 금정구 장전온천천로 35,129.0886653,35.22810272
베스킨라빈스부산대역점,김밥 및 기타 간이 음식점업,장전2동,부산광역시 금정구 장전동 293-116,부산광역시 금정구 금정로60번길 37,129.0883178,35.22954155
대미공방,간이 음식 포장 판매 전문점,온천1동,부산광역시 동래구 온천동 178-7,부산광역시 동래구 중앙대로1473번길 13,129.0824199,35.21750471
혹시2,제과점업,온천3동,부산광역시 동래구 온천동 1838,부산광역시 동래구 아시아드대로255번길 14,129.0681029,35.20763929
우리집김밥,김밥 및 기타 간이 음식점업,온천2동,부산광역시 동래구 온천동 781,부산광역시 동래구 중앙대로1381번길 81-4,129.0735609,35.21156505
애플꼬마김밥 부산대점,김밥 및 기타 간이 음식점업,장전2동,부산광역시 금정구 장전동 400-54,부산광역시 금정구 부산대학로63번길 7,129.0842767,35.23127835
코코호도 온천점,제과점업,온천1동,부산광역시 동래구 온천동 153-8,부산광역시 동래구 중앙대로 1523,129.0855805,35.22128918
브레드빈,제과점업,부곡2동,부산광역시 금정구 부곡동 296-100,부산광역시 금정구 서부곡로 2,129.0915426,35.22596236
딜리버리멀티샵,간이 음식 포장 판매 전문점,부곡2동,부산광역시 금정구 부곡동 244-7,부산광역시 금정구 부산대학로 10,129.0899786,35.23306339
다옴;떡카페,제과점업,구서2동,부산광역시 금정구 구서동 1049,부산광역시 금정구 금강로 503,129.0864946,35.2526874
미성분식,한식 면 요리 전문점,온천2동,부산광역시 동래구 온천동 750-64,부산광역시 동래구 중앙대로1367번길 32-11,129.0763497,35.21026463
명품달인김밥구서점,김밥 및 기타 간이 음식점업,구서1동,부산광역시 금정구 구서동 1059,부산광역시 금정구 수림로72번길 163,129.0875253,35.24661392
참새방앗간,한식 일반 음식점업,명륜동,부산광역시 동래구 명륜동 548-39,부산광역시 동래구 명륜로129번다길 25,129.0791198,35.20651334
샐러드앤가든 부산대점,김밥 및 기타 간이 음식점업,장전2동,부산광역시 금정구 장전동 745,부산광역시 금정구 금정로 20,129.0867411,35.22758622
이도씨베이킹,제과점업,장전2동,부산광역시 금정구 장전동 293-105,부산광역시 금정구 장전로12번길 52-4,129.0885776,35.22982543
이삭토스트부산_ 부곡점,피자; 햄버거; 샌드위치 및 유사 음식점업,부곡3동,부산광역시 금정구 부곡동 26-9,부산광역시 금정구 오륜대로 21,129.0946498,35.24173273
위위케이크스튜디오,제과점업,명륜동,부산광역시 동래구 명륜동 796,부산광역시 동래구 명륜로139번길 22,129.0812101,35.20667567
온담가,제과점업,온천3동,부산광역시 동래구 온천동 1457-7,부산광역시 동래구 충렬대로140번길 24,129.0753855,35.20430653
브랜드김밥 동래점,김밥 및 기타 간이 음식점업,온천1동,부산광역시 동래구 온천동 1850,부산광역시 동래구 온천장로65번길 9,129.0798113,35.21640511
화이트리에,제과점업,온천2동,부산광역시 동래구 온천동 782-40,부산광역시 동래구 충렬대로107번길 104,129.0734895,35.21134999
던킨도너츠온천장역점,제과점업,온천1동,부산광역시 동래구 온천동 153-8,부산광역시 동래구 중앙대로 1523,129.085065,35.22088354
온담떡공방,떡류 제조업,명륜동,부산광역시 동래구 명륜동 795,부산광역시 동래구 명륜로 222,129.0836692,35.21396872
태이아트,간이 음식 포장 판매 전문점,온천1동,부산광역시 동래구 온천동 154-58,부산광역시 동래구 온천장로117번길 19,129.0838964,35.22070541
버터레코드,간이 음식 포장 판매 전문점,장전2동,부산광역시 금정구 장전동 643-306,부산광역시 금정구 금정로60번길 46,129.0886955,35.22928271
진만두가,간이 음식 포장 판매 전문점,구서2동,부산광역시 금정구 구서동 816-11,부산광역시 금정구 중앙대로1945번길 50,129.0884007,35.25804335
보노베리,제과점업,장전1동,부산광역시 금정구 장전동 394-4,부산광역시 금정구 장전온천천로 83,129.0887747,35.23237227
몽중양과,제과점업,장전1동,부산광역시 금정구 장전동 263-58,부산광역시 금정구 금강로321번길 35,129.0846062,35.23685979
베리베리케이크,제과점업,장전1동,부산광역시 금정구 장전동 213-3,부산광역시 금정구 금정로161번길 9,129.0872832,35.23888627
명랑핫도그미남역점,간이 음식 포장 판매 전문점,온천2동,부산광역시 동래구 온천동 1394-1,부산광역시 동래구 충렬대로75번길 10,129.0693484,35.20869038
카페미엔느,제과점업,장전2동,부산광역시 금정구 장전동 417-11,부산광역시 금정구 금정로 79,129.0864742,35.23174512
금정떡방앗간,곡물 제분업,온천3동,부산광역시 동래구 온천동 1459-30,부산광역시 동래구 충렬대로108번길 73,129.0734544,35.20349254
동래호밀호두,제과점업,명륜동,부산광역시 동래구 명륜동 533-1,부산광역시 동래구 온천천로 149,129.0789679,35.20615549
포케올데이 부산대점,김밥 및 기타 간이 음식점업,장전1동,부산광역시 금정구 장전동 387-15,부산광역시 금정구 금강로279번길 20,129.0846078,35.23348947
모어샌드위치 동래점,피자; 햄버거; 샌드위치 및 유사 음식점업,온천2동,부산광역시 동래구 온천동 784-8,부산광역시 동래구 금강로8번가길 15,129.0724254,35.2118188
대단한탕후루 부산대점,간이 음식 포장 판매 전문점,장전2동,부산광역시 금정구 장전동 643-3,부산광역시 금정구 장전온천천로 47,129.0890372,35.22933087
달콤왕가탕후루 동래역점,간이 음식 포장 판매 전문점,명륜동,부산광역시 동래구 명륜동 539-6,부산광역시 동래구 명륜로129번길 46,129.0797384,35.20536726
동그라미,김밥 및 기타 간이 음식점업,구서1동,부산광역시 금정구 구서동 1078,부산광역시 금정구 금정로233번길 63,129.0903117,35.24732277
꽃채움김밥,김밥 및 기타 간이 음식점업,명륜동,부산광역시 동래구 명륜동 533-229,부산광역시 동래구 온천천로 165,129.0789589,35.20493909
온김밥,김밥 및 기타 간이 음식점업,장전1동,부산광역시 금정구 장전동 384-49,부산광역시 금정구 금정로119번길 15,129.0866861,35.23530099
배스킨라빈스,김밥 및 기타 간이 음식점업,명륜동,부산광역시 동래구 명륜동 560-6,부산광역시 동래구 명륜로129번길 2,129.0819834,35.20557198
분잉,김밥 및 기타 간이 음식점업,장전2동,부산광역시 금정구 장전동 334-55,부산광역시 금정구 장전로 33,129.0852495,35.2285221
지앤지 온천점,제과점업,온천1동,부산광역시 동래구 온천동 189-19,부산광역시 동래구 금강공원로 19,129.082154,35.21869881
원더풀꽈배기장전점,제과점업,부곡3동,부산광역시 금정구 부곡동 225-1,부산광역시 금정구 중앙대로1719번길 61,129.0889225,35.23770451
귀족떡볶이,김밥 및 기타 간이 음식점업,온천1동,부산광역시 동래구 온천동 189-40,부산광역시 동래구 차밭골로20번길 72,129.0820337,35.2187189
브레드바스켓,제과점업,장전2동,부산광역시 금정구 장전동 296-25,부산광역시 금정구 장전로 10,129.0876257,35.22782328
장호덕손만두 부산대점,김밥 및 기타 간이 음식점업,장전2동,부산광역시 금정구 장전동 421-12,부산광역시 금정구 금정로 59-8,129.0857852,35.23014394
온천충무김밥,김밥 및 기타 간이 음식점업,온천1동,부산광역시 동래구 온천동 137-5,부산광역시 동래구 금강공원로20번길 42,129.0830617,35.22070176
뚜레쥬르,제과점업,구서2동,부산광역시 금정구 구서동 718-7,부산광역시 금정구 금강로 479,129.0876145,35.2500908
보노베리,제과점업,장전2동,부산광역시 금정구 장전동 414-1,부산광역시 금정구 장전온천천로 67-1,129.0888165,35.23100181
은화수식당 동래점,김밥 및 기타 간이 음식점업,명륜동,부산광역시 동래구 명륜동 450-4,부산광역시 동래구 명륜로103번길 20,129.0820738,35.20309225
빠다리아,제과점업,부곡2동,부산광역시 금정구 부곡동 981,부산광역시 금정구 중앙대로1629번길 16,129.0896476,35.2308613
삼첩분식사직 온천점,간이 음식 포장 판매 전문점,온천3동,부산광역시 동래구 온천동 1376-20,부산광역시 동래구 여고북로73번길 19,129.0688541,35.20132739
쉐프윤찹쌀꽈배기 금정점,제과점업,부곡3동,부산광역시 금정구 부곡동 64-23,부산광역시 금정구 부곡온천천로 190,129.0905686,35.24235302
미당만두,간이 음식 포장 판매 전문점,온천1동,부산광역시 동래구 온천동 153-8,부산광역시 동래구 중앙대로 1523,129.0855805,35.22128918
스텔라떡볶이부산부곡장전점,김밥 및 기타 간이 음식점업,장전2동,부산광역시 금정구 장전동 629-6,부산광역시 금정구 금강로 204,129.0828141,35.22648239
간지떡볶이,김밥 및 기타 간이 음식점업,온천1동,부산광역시 동래구 온천동 425-27,부산광역시 동래구 동래로 1,129.0770182,35.21409207
뚜레쥬르 동래점,제과점업,명륜동,부산광역시 동래구 명륜동 533-95,부산광역시 동래구 온천천로 149-1,129.0789983,35.20605584
부산떡집떡바라기,떡류 제조업,온천3동,부산광역시 동래구 온천동 1468-2,부산광역시 동래구 충렬대로108번길 92,129.0734907,35.20276198
마블스크림 부산대점,김밥 및 기타 간이 음식점업,장전2동,부산광역시 금정구 장전동 643-117,부산광역시 금정구 장전온천천로 51,129.0888241,35.22958687
츄러스1500 부산대점,간이 음식 포장 판매 전문점,장전1동,부산광역시 금정구 장전동 155-16,부산광역시 금정구 수림로61번길 49,129.0855384,35.23766376
꾸움다락,김밥 및 기타 간이 음식점업,온천3동,부산광역시 동래구 온천동 1452-27,부산광역시 동래구 충렬대로126번길 44,129.0736152,35.2042017
홍이정김밥,김밥 및 기타 간이 음식점업,구서2동,부산광역시 금정구 구서동 166-12,부산광역시 금정구 두실로15번길 90,129.0894084,35.25663818
바람,김밥 및 기타 간이 음식점업,구서1동,부산광역시 금정구 구서동 458-11,부산광역시 금정구 금강로415번길 6,129.0880519,35.24487464
디에이크,제과점업,구서1동,부산광역시 금정구 구서동 413-2,부산광역시 금정구 수림로72번길 160,129.0880056,35.2464975
온리김밥,김밥 및 기타 간이 음식점업,장전2동,부산광역시 금정구 장전동 576-5,부산광역시 금정구 식물원로 55,129.0823636,35.22518348
뚜레쥬르명륜2차 아이파크점,제과점업,명륜동,부산광역시 동래구 명륜동 9-2,부산광역시 동래구 시실로24번길 5,129.0864,35.21640885
싸다김밥 부산대점,김밥 및 기타 간이 음식점업,장전2동,부산광역시 금정구 장전동 310-3,부산광역시 금정구 금정로68번길 2,129.0866212,35.23062516
떡당,떡류 제조업,장전2동,부산광역시 금정구 장전동 636-40,부산광역시 금정구 금정로19번길 4,129.085494,35.2264903
데이브라운,제과점업,온천1동,부산광역시 동래구 온천동 178-7,부산광역시 동래구 중앙대로1473번길 13,129.0824199,35.21750471
브레드빈,제과점업,구서2동,부산광역시 금정구 구서동 163-13,부산광역시 금정구 중앙대로 1947,129.0910968,35.25821304
지하철집,김밥 및 기타 간이 음식점업,부곡4동,부산광역시 금정구 부곡동 873-40,부산광역시 금정구 오시게로 34-2,129.0870661,35.22055166
얌샘김밥부산장전역점,김밥 및 기타 간이 음식점업,부곡3동,부산광역시 금정구 부곡동 223-56,부산광역시 금정구 중앙대로1719번길 30,129.0904765,35.23791196
진주떡집,곡물 제분업,명륜동,부산광역시 동래구 명륜동 676-105,부산광역시 동래구 문화로 5-1,129.0831201,35.21052677
호떡이네분식,김밥 및 기타 간이 음식점업,온천3동,부산광역시 동래구 온천동 1459-47,부산광역시 동래구 충렬대로108번길 97,129.0738997,35.20243957
길목집,김밥 및 기타 간이 음식점업,장전2동,부산광역시 금정구 장전동 산 29-4,부산광역시 금정구 산성로 961,129.0757737,35.23119023
써브웨이부산 동래점,한식 일반 음식점업,명륜동,부산광역시 동래구 명륜동 553-5,부산광역시 동래구 명륜로129번길 20,129.0812782,35.20547597
찹찹떡떡롯데동래점 백화점,김밥 및 기타 간이 음식점업,온천2동,부산광역시 동래구 온천동 502-3,부산광역시 동래구 중앙대로 1393,129.0774734,35.21170521
벽초당매점,간이 음식 포장 판매 전문점,온천1동,부산광역시 동래구 온천동 84-41,부산광역시 동래구 금강로 145,129.0806511,35.22177054
옐로YELLO,제과점업,부곡1동,부산광역시 금정구 부곡동 324-9,부산광역시 금정구 동부곡로6번길 54,129.0914543,35.22337759
원더풀명품찹쌀꽈배기,김밥 및 기타 간이 음식점업,온천3동,부산광역시 동래구 온천동 1459-45,부산광역시 동래구 여고북로 179,129.0745358,35.20241065
깜빠뉴베이커리,제과점업,온천3동,부산광역시 동래구 온천동 1468-26,부산광역시 동래구 여고북로 163,129.0737479,35.20208171
금샘김밥,김밥 및 기타 간이 음식점업,구서2동,부산광역시 금정구 구서동 769-13,부산광역시 금정구 금샘로 327,129.0840625,35.25252206
도르리충무김밥동래메가마트점,김밥 및 기타 간이 음식점업,명륜동,부산광역시 동래구 명륜동 506-3,부산광역시 동래구 충렬대로 197,129.0811338,35.20455026
명품달인김밥 온천점,김밥 및 기타 간이 음식점업,장전2동,부산광역시 금정구 장전동 617-18,부산광역시 금정구 온천장로125번길 58,129.0826819,35.22388936
가족찬,간이 음식 포장 판매 전문점,부곡3동,부산광역시 금정구 부곡동 225-68,부산광역시 금정구 중앙대로1685번길 30,129.0900423,35.2351169
진만두가,한식 일반 음식점업,온천3동,부산광역시 동래구 온천동 1468-27,부산광역시 동래구 여고북로 157,129.0734596,35.2019695
필리밀 부곡점,제과점업,부곡2동,부산광역시 금정구 부곡동 296-48,부산광역시 금정구 서부곡로16번길 54,129.0912572,35.22853556
위티케이크,제과점업,부곡2동,부산광역시 금정구 부곡동 268-2,부산광역시 금정구 중앙대로 1617-12,129.0902875,35.22926422
원더풀꽈배기 온천점,제과점업,장전2동,부산광역시 금정구 장전동 653-28,부산광역시 금정구 온천장로125번길 24,129.0840944,35.22286476
부산대순저씨,김밥 및 기타 간이 음식점업,장전2동,부산광역시 금정구 장전동 419-34,부산광역시 금정구 부산대학로64번길 36,129.084764,35.23315335
걸걸,제과점업,명륜동,부산광역시 동래구 명륜동 533-229,부산광역시 동래구 온천천로 165,129.0789581,35.20447951
르팽드윤,제과점업,구서1동,부산광역시 금정구 구서동 1078,부산광역시 금정구 금정로233번길 63,129.090336,35.24741246
계도,김밥 및 기타 간이 음식점업,장전1동,부산광역시 금정구 장전동 412-10,부산광역시 금정구 장전온천천로 77-1,129.088698,35.23195006
어스베이킹케이크부산대레터링케이크,제과점업,장전2동,부산광역시 금정구 장전동 302-22,부산광역시 금정구 금정로60번길 14,129.0871137,35.22969749
몽벨쉘터 부산대점,제과점업,장전2동,부산광역시 금정구 장전동 315-7,부산광역시 금정구 금정로52번길 3-10,129.0867498,35.22964069
록록빵가게,제과점업,장전1동,부산광역시 금정구 장전동 393-12,부산광역시 금정구 장전온천천로 85-1,129.0888926,35.23268564
디어스푼롯데동래점 백화점,간이 음식 포장 판매 전문점,온천2동,부산광역시 동래구 온천동 502-3,부산광역시 동래구 중앙대로 1393,129.0774734,35.21170521
써브웨이 부산대점,한식 일반 음식점업,장전2동,부산광역시 금정구 장전동 417-39,부산광역시 금정구 부산대학로 48,129.0860707,35.23142766
미진김밥,김밥 및 기타 간이 음식점업,부곡4동,부산광역시 금정구 부곡동 873-7,부산광역시 금정구 오시게로 26-1,129.086687,35.21990036
수풀림,김밥 및 기타 간이 음식점업,온천1동,부산광역시 동래구 온천동 153-8,부산광역시 동래구 중앙대로 1523,129.0855805,35.22128918
미남김밥,한식 일반 음식점업,온천3동,부산광역시 동래구 온천동 1247-2,부산광역시 동래구 석사북로 96-1,129.0665359,35.2055934
달롱도르요거트아이스크림 동래점,간이 음식 포장 판매 전문점,온천2동,부산광역시 동래구 온천동 1432-13,부산광역시 동래구 중앙대로1335번길 59,129.0746042,35.20725768
8090분식,김밥 및 기타 간이 음식점업,온천3동,부산광역시 동래구 온천동 1453-46,부산광역시 동래구 미남로116번길 61-2,129.0729272,35.20521376
화채한박스 동래점,간이 음식 포장 판매 전문점,온천2동,부산광역시 동래구 온천동 1432-13,부산광역시 동래구 중앙대로1335번길 59,129.0746042,35.20725768
호두당부산 동래점,제과점업,온천2동,부산광역시 동래구 온천동 1853,부산광역시 동래구 충렬대로107번길 65,129.067458,35.21208399
화계장터,김밥 및 기타 간이 음식점업,온천1동,부산광역시 동래구 온천동 444-48,부산광역시 동래구 금강로74번길 14,129.0784982,35.21529222
하루밀,제과점업,구서1동,부산광역시 금정구 구서동 472-7,부산광역시 금정구 금강로391번길 16,129.0860276,35.24346773
쿠카이야,김밥 및 기타 간이 음식점업,장전2동,부산광역시 금정구 장전동 424-5,부산광역시 금정구 부산대학로63번길 37,129.0841239,35.23002839
한울분식,한식 일반 음식점업,온천1동,부산광역시 동래구 온천동 1859,부산광역시 동래구 온천장로119번길 56,129.0824395,35.22256884
소피샐러드앤샌드위치,피자; 햄버거; 샌드위치 및 유사 음식점업,명륜동,부산광역시 동래구 명륜동 289-3,부산광역시 동래구 명륜로138번길 42,129.0842131,35.20689434
신전떡볶이 동래점,김밥 및 기타 간이 음식점업,명륜동,부산광역시 동래구 명륜동 467-7,부산광역시 동래구 명륜로 123,129.0823244,35.20473705
블루그로토,간이 음식 포장 판매 전문점,장전1동,부산광역시 금정구 장전동 412-45,부산광역시 금정구 장전온천천로73번길 14,129.0880674,35.2317717
케키야,제과점업,온천3동,부산광역시 동래구 온천동 1379-17,부산광역시 동래구 아시아드대로208번길 37,129.068058,35.2019718
소담부엌,간이 음식 포장 판매 전문점,온천2동,부산광역시 동래구 온천동 1853,부산광역시 동래구 충렬대로107번길 65,129.067458,35.21208399
조선떡명가,떡류 제조업,명륜동,부산광역시 동래구 명륜동 12-17,부산광역시 동래구 시실로 36-1,129.0872967,35.21583467
초록문카페,김밥 및 기타 간이 음식점업,부곡1동,부산광역시 금정구 부곡동 334-1,부산광역시 금정구 부곡로 78,129.0911907,35.2229496
베스킨라빈스,김밥 및 기타 간이 음식점업,장전2동,부산광역시 금정구 장전동 420-21,부산광역시 금정구 부산대학로 53,129.0854188,35.23127669
글라쇼부산 동래점,김밥 및 기타 간이 음식점업,명륜동,부산광역시 동래구 명륜동 624-1,부산광역시 동래구 충렬대로237번길 148,129.082416,35.20746596
양산집,김밥 및 기타 간이 음식점업,부곡4동,부산광역시 금정구 부곡동 393-7,부산광역시 금정구 동현로16번길 84,129.0875488,35.22053432
쫀떡쫀떡,떡류 제조업,부곡2동,부산광역시 금정구 부곡동 293-1,부산광역시 금정구 동부곡로5번길 58,129.0928988,35.22830893
복이네즉석떡볶이,김밥 및 기타 간이 음식점업,부곡2동,부산광역시 금정구 부곡동 981,부산광역시 금정구 중앙대로1629번길 16,129.0897132,35.23085115
바니바니,김밥 및 기타 간이 음식점업,부곡1동,부산광역시 금정구 부곡동 308-20,부산광역시 금정구 동부곡로6번길 3,129.0925087,35.22552212
돼지떡볶이,김밥 및 기타 간이 음식점업,구서1동,부산광역시 금정구 구서동 87-1,부산광역시 금정구 금강로446번길 36,129.0899306,35.2483116
명륜수정김밥,김밥 및 기타 간이 음식점업,명륜동,부산광역시 동래구 명륜동 8-69,부산광역시 동래구 시실로 30,129.0867797,35.21623108
영토스트,피자; 햄버거; 샌드위치 및 유사 음식점업,부곡1동,부산광역시 금정구 부곡동 308-2,부산광역시 금정구 동부곡로 8,129.0925774,35.22562907
윤스디저트,제과점업,장전2동,부산광역시 금정구 장전동 302-10,부산광역시 금정구 장전로20번길 28,129.0875545,35.22932943
과일빙수항그,김밥 및 기타 간이 음식점업,장전1동,부산광역시 금정구 장전동 154-7,부산광역시 금정구 수림로61번길 58,129.085201,35.23735418
르봉케이크부티크,제과점업,부곡3동,부산광역시 금정구 부곡동 65-102,부산광역시 금정구 수림로20번길 13,129.0901855,35.24026898
이가네떡볶이,김밥 및 기타 간이 음식점업,장전1동,부산광역시 금정구 장전동 158-2,부산광역시 금정구 수림로 57,129.0861867,35.23981534
커피볶는시골커피동래 중앙점,간이 음식 포장 판매 전문점,온천2동,부산광역시 동래구 온천동 750-94,부산광역시 동래구 중앙대로1367번길 40,129.0757719,35.20999519
햇쌀빵집,제과점업,장전2동,부산광역시 금정구 장전동 581,부산광역시 금정구 식물원로75번길 33,129.0809574,35.22516261
김미김밥,김밥 및 기타 간이 음식점업,장전2동,부산광역시 금정구 장전동 418-11,부산광역시 금정구 금강로 274,129.0855268,35.23249138
빵집오빠구서점,빵류; 과자류 및 당류 소매업,구서1동,부산광역시 금정구 구서동 409-20,부산광역시 금정구 구서로 32,129.0876759,35.24691771
크리스피크림롯데 동래점,제과점업,온천2동,부산광역시 동래구 온천동 502-3,부산광역시 동래구 중앙대로 1393,129.0774734,35.21170521
카페씨엘,간이 음식 포장 판매 전문점,장전2동,부산광역시 금정구 장전동 337-3,부산광역시 금정구 장전로 29,129.0855966,35.22835391
푸드카페김밥천국 동래점,한식 일반 음식점업,명륜동,부산광역시 동래구 명륜동 533-158,부산광역시 동래구 온천천로 157,129.0789962,35.20554222
떡보의하루 금정점,빵류; 과자류 및 당류 소매업,구서1동,부산광역시 금정구 구서동 414-1,부산광역시 금정구 구서로 17,129.0890305,35.24662399
명품달인김밥미남점,한식 일반 음식점업,온천2동,부산광역시 동래구 온천동 1853,부산광역시 동래구 충렬대로107번길 65,129.067458,35.21208399
스무스,제과점업,명륜동,부산광역시 동래구 명륜동 533-199,부산광역시 동래구 충렬대로 173,129.0791579,35.20413364
계성상회,김밥 및 기타 간이 음식점업,장전2동,부산광역시 금정구 장전동 299-46,부산광역시 금정구 금정로52번길 23,129.0875917,35.22906746
이내무목,제과점업,구서2동,부산광역시 금정구 구서동 246-26,부산광역시 금정구 중앙대로1873번길 17,129.090247,35.25164938
이글루빙수카페,한식 일반 음식점업,장전2동,부산광역시 금정구 장전동 302-10,부산광역시 금정구 장전로20번길 28,129.0875545,35.22932943
모모팥빙수,한식 일반 음식점업,장전2동,부산광역시 금정구 장전동 619-11,부산광역시 금정구 식물원로 42,129.0838462,35.22518499
배스킨라빈스 부산미남,제과점업,온천3동,부산광역시 동래구 온천동 1249-10,부산광역시 동래구 아시아드대로 221,129.0666128,35.20386187
요아잇부산미남점,김밥 및 기타 간이 음식점업,온천3동,부산광역시 동래구 온천동 1451-39,부산광역시 동래구 미남로102번길 65,129.0729544,35.2041229
파리바게뜨 온천점,제과점업,온천1동,부산광역시 동래구 온천동 212-10,부산광역시 동래구 금강공원로 22,129.0822151,35.21894107
본가정항우케익온천장역 2호점,제과점업,온천1동,부산광역시 동래구 온천동 1750-1,부산광역시 동래구 중앙대로 1520,129.0864001,35.22027478
돼지떡볶이,한식 일반 음식점업,장전2동,부산광역시 금정구 장전동 596-5,부산광역시 금정구 금강로 175,129.0816906,35.22420379
윤이빵,제과점업,명륜동,부산광역시 동래구 명륜동 603,부산광역시 동래구 동래로 96-1,129.0828527,35.20736833
마시꼬마김밥,한식 일반 음식점업,구서1동,부산광역시 금정구 구서동 1074,부산광역시 금정구 금샘로246번길 18,129.0854019,35.24391106
부산구서파리바게뜨-배송비,제과점업,구서2동,부산광역시 금정구 구서동 656-10,부산광역시 금정구 금강로565번길 15,129.0867402,35.25798189
파리바게뜨 부산대점,제과점업,장전2동,부산광역시 금정구 장전동 419-60,부산광역시 금정구 부산대학로 58,129.0850441,35.23165262
의리빙수,한식 일반 음식점업,장전1동,부산광역시 금정구 장전동 271-19,부산광역시 금정구 금강로279번길 60,129.0837313,35.23443275
영김밥,한식 일반 음식점업,온천1동,부산광역시 동래구 온천동 172-23,부산광역시 동래구 금강공원로 7,129.0835364,35.21822444
행복한느림보 이흥용과자점,제과점업,구서2동,부산광역시 금정구 구서동 140-1,부산광역시 금정구 금단로 80,129.0945257,35.25654968
북문분식,한식 일반 음식점업,장전1동,부산광역시 금정구 장전동 271-14,부산광역시 금정구 금강로279번길 62,129.0838436,35.23452994
원더풀명품찹쌀꽈배기,한식 일반 음식점업,구서2동,부산광역시 금정구 구서동 175-23,부산광역시 금정구 중앙대로1945번길 5,129.0907915,35.25787588
당신은빙수가땡긴다 부산대점,한식 일반 음식점업,부곡2동,부산광역시 금정구 부곡동 293-24,부산광역시 금정구 동부곡로9번길 57,129.0931609,35.22825032
설빙구서점,한식 일반 음식점업,구서1동,부산광역시 금정구 구서동 86-55,부산광역시 금정구 구서로 2,129.0907819,35.24681
컵넛부산대 정문점,제과점업,장전1동,부산광역시 금정구 장전동 387-15,부산광역시 금정구 금강로279번길 20,129.0846078,35.23348947
오뚜기분식,,장전1동,부산광역시 금정구 장전동 225-4,,129.083395,35.236867
따봉분식,,장전2동,부산광역시 금정구 장전동 400-40,,129.084374,35.231273
타코파파,,장전2동,부산광역시 금정구 장전동 421-23,,129.0863331,35.23112486
장전 분식센터,,장전2동,부산광역시 금정구 장전동 653-37,,129.084404,35.222618
서빙고,,장전2동,부산광역시 금정구 장전동 293-90,,129.087524,35.22823
전남친순대,,온천1동,부산광역시 동래구 온천동 40-38,,129.082558,35.223733
김유일쌀빵제빵소,제과점업,장전2동,부산광역시 금정구 장전동 652-77,,129.084991,35.222331
타코야끼코코네,,장전2동,부산광역시 금정구 장전동 293-4,부산광역시 금정구 금정로68번길 36,129.0884035,35.23031505
그라미 부산대점,,장전2동,부산광역시 금정구 장전동 378-7,부산광역시 금정구 금정로68번길 16,129.0873003,35.23055037
