이름,주소,요일,여는시간,닫는시간,브레이크 시작,브레이크 끝,라스트오더,휴무여부,비고
가마실공원,부산광역시 금정구 부곡동 296-2,0,0:00,24:00,,,,,
가마실공원,부산광역시 금정구 부곡동 296-2,1,0:00,24:00,,,,,
가마실공원,부산광역시 금정구 부곡동 296-2,2,0:00,24:00,,,,,
가마실공원,부산광역시 금정구 부곡동 296-2,3,0:00,24:00,,,,,
가마실공원,부산광역시 금정구 부곡동 296-2,4,0:00,24:00,,,,,
가마실공원,부산광역시 금정구 부곡동 296-2,5,0:00,24:00,,,,,
가마실공원,부산광역시 금정구 부곡동 296-2,6,0:00,24:00,,,,,
고당공원,부산광역시 동래구 온천동 15-8,0,0:00,24:00,,,,,
고당공원,부산광역시 동래구 온천동 15-8,1,0:00,24:00,,,,,
고당공원,부산광역시 동래구 온천동 15-8,2,0:00,24:00,,,,,
고당공원,부산광역시 동래구 온천동 15-8,3,0:00,24:00,,,,,
고당공원,부산광역시 동래구 온천동 15-8,4,0:00,24:00,,,,,
고당공원,부산광역시 동래구 온천동 15-8,5,0:00,24:00,,,,,
고당공원,부산광역시 동래구 온천동 15-8,6,0:00,24:00,,,,,
공수물공원,부산광역시 금정구 부곡동 255-8,0,0:00,24:00,,,,,
공수물공원,부산광역시 금정구 부곡동 255-8,1,0:00,24:00,,,,,
공수물공원,부산광역시 금정구 부곡동 255-8,2,0:00,24:00,,,,,
공수물공원,부산광역시 금정구 부곡동 255-8,3,0:00,24:00,,,,,
공수물공원,부산광역시 금정구 부곡동 255-8,4,0:00,24:00,,,,,
공수물공원,부산광역시 금정구 부곡동 255-8,5,0:00,24:00,,,,,
공수물공원,부산광역시 금정구 부곡동 255-8,6,0:00,24:00,,,,,
구서공원,부산광역시 금정구 구서동 1050,0,0:00,24:00,,,,,
구서공원,부산광역시 금정구 구서동 1050,1,0:00,24:00,,,,,
구서공원,부산광역시 금정구 구서동 1050,2,0:00,24:00,,,,,
구서공원,부산광역시 금정구 구서동 1050,3,0:00,24:00,,,,,
구서공원,부산광역시 금정구 구서동 1050,4,0:00,24:00,,,,,
구서공원,부산광역시 금정구 구서동 1050,5,0:00,24:00,,,,,
구서공원,부산광역시 금정구 구서동 1050,6,0:00,24:00,,,,,
구월공원,부산광역시 금정구 부곡동 956,0,0:00,24:00,,,,,
구월공원,부산광역시 금정구 부곡동 956,1,0:00,24:00,,,,,
구월공원,부산광역시 금정구 부곡동 956,2,0:00,24:00,,,,,
구월공원,부산광역시 금정구 부곡동 956,3,0:00,24:00,,,,,
구월공원,부산광역시 금정구 부곡동 956,4,0:00,24:00,,,,,
구월공원,부산광역시 금정구 부곡동 956,5,0:00,24:00,,,,,
구월공원,부산광역시 금정구 부곡동 956,6,0:00,24:00,,,,,
금강공원,부산광역시 금정구 장전동 산 46-2,0,0:00,24:00,,,,,
금강공원,부산광역시 금정구 장전동 산 46-2,1,0:00,24:00,,,,,
금강공원,부산광역시 금정구 장전동 산 46-2,2,0:00,24:00,,,,,
금강공원,부산광역시 금정구 장전동 산 46-2,3,0:00,24:00,,,,,
금강공원,부산광역시 금정구 장전동 산 46-2,4,0:00,24:00,,,,,
금강공원,부산광역시 금정구 장전동 산 46-2,5,0:00,24:00,,,,,
금강공원,부산광역시 금정구 장전동 산 46-2,6,0:00,24:00,,,,,
금강공원,부산광역시 동래구 온천동 20-1,0,0:00,24:00,,,,,
금강공원,부산광역시 동래구 온천동 20-1,1,0:00,24:00,,,,,
금강공원,부산광역시 동래구 온천동 20-1,2,0:00,24:00,,,,,
금강공원,부산광역시 동래구 온천동 20-1,3,0:00,24:00,,,,,
금강공원,부산광역시 동래구 온천동 20-1,4,0:00,24:00,,,,,
금강공원,부산광역시 동래구 온천동 20-1,5,0:00,24:00,,,,,
금강공원,부산광역시 동래구 온천동 20-1,6,0:00,24:00,,,,,
금강공원&식물원,부산광역시 동래구 온천동 산133,0,0:00,24:00,,,,,
금강공원&식물원,부산광역시 동래구 온천동 산133,1,0:00,24:00,,,,,
금강공원&식물원,부산광역시 동래구 온천동 산133,2,0:00,24:00,,,,,
금강공원&식물원,부산광역시 동래구 온천동 산133,3,0:00,24:00,,,,,
금강공원&식물원,부산광역시 동래구 온천동 산133,4,0:00,24:00,,,,,
금강공원&식물원,부산광역시 동래구 온천동 산133,5,0:00,24:00,,,,,
금강공원&식물원,부산광역시 동래구 온천동 산133,6,0:00,24:00,,,,,
금산공원,부산광역시 동래구 온천동 296-17,0,0:00,24:00,,,,,
금산공원,부산광역시 동래구 온천동 296-17,1,0:00,24:00,,,,,
금산공원,부산광역시 동래구 온천동 296-17,2,0:00,24:00,,,,,
금산공원,부산광역시 동래구 온천동 296-17,3,0:00,24:00,,,,,
금산공원,부산광역시 동래구 온천동 296-17,4,0:00,24:00,,,,,
금산공원,부산광역시 동래구 온천동 296-17,5,0:00,24:00,,,,,
금산공원,부산광역시 동래구 온천동 296-17,6,0:00,24:00,,,,,
금정공원,부산광역시 금정구 구서동 458-2,0,0:00,24:00,,,,,
금정공원,부산광역시 금정구 구서동 458-2,1,0:00,24:00,,,,,
금정공원,부산광역시 금정구 구서동 458-2,2,0:00,24:00,,,,,
금정공원,부산광역시 금정구 구서동 458-2,3,0:00,24:00,,,,,
금정공원,부산광역시 금정구 구서동 458-2,4,0:00,24:00,,,,,
금정공원,부산광역시 금정구 구서동 458-2,5,0:00,24:00,,,,,
금정공원,부산광역시 금정구 구서동 458-2,6,0:00,24:00,,,,,
기찰공원,부산광역시 금정구 부곡동 26-11,0,0:00,24:00,,,,,
기찰공원,부산광역시 금정구 부곡동 26-11,1,0:00,24:00,,,,,
기찰공원,부산광역시 금정구 부곡동 26-11,2,0:00,24:00,,,,,
기찰공원,부산광역시 금정구 부곡동 26-11,3,0:00,24:00,,,,,
기찰공원,부산광역시 금정구 부곡동 26-11,4,0:00,24:00,,,,,
기찰공원,부산광역시 금정구 부곡동 26-11,5,0:00,24:00,,,,,
기찰공원,부산광역시 금정구 부곡동 26-11,6,0:00,24:00,,,,,
까치공원,부산광역시 금정구 장전동 220-2,0,0:00,24:00,,,,,
까치공원,부산광역시 금정구 장전동 220-2,1,0:00,24:00,,,,,
까치공원,부산광역시 금정구 장전동 220-2,2,0:00,24:00,,,,,
까치공원,부산광역시 금정구 장전동 220-2,3,0:00,24:00,,,,,
까치공원,부산광역시 금정구 장전동 220-2,4,0:00,24:00,,,,,
까치공원,부산광역시 금정구 장전동 220-2,5,0:00,24:00,,,,,
까치공원,부산광역시 금정구 장전동 220-2,6,0:00,24:00,,,,,
꿈나무공원,부산광역시 동래구 온천동 1853-13,0,0:00,24:00,,,,,
꿈나무공원,부산광역시 동래구 온천동 1853-13,1,0:00,24:00,,,,,
꿈나무공원,부산광역시 동래구 온천동 1853-13,2,0:00,24:00,,,,,
꿈나무공원,부산광역시 동래구 온천동 1853-13,3,0:00,24:00,,,,,
꿈나무공원,부산광역시 동래구 온천동 1853-13,4,0:00,24:00,,,,,
꿈나무공원,부산광역시 동래구 온천동 1853-13,5,0:00,24:00,,,,,
꿈나무공원,부산광역시 동래구 온천동 1853-13,6,0:00,24:00,,,,,
너울소공원,부산광역시 금정구 부곡동 64-31,0,0:00,24:00,,,,,
너울소공원,부산광역시 금정구 부곡동 64-31,1,0:00,24:00,,,,,
너울소공원,부산광역시 금정구 부곡동 64-31,2,0:00,24:00,,,,,
너울소공원,부산광역시 금정구 부곡동 64-31,3,0:00,24:00,,,,,
너울소공원,부산광역시 금정구 부곡동 64-31,4,0:00,24:00,,,,,
너울소공원,부산광역시 금정구 부곡동 64-31,5,0:00,24:00,,,,,
너울소공원,부산광역시 금정구 부곡동 64-31,6,0:00,24:00,,,,,
동래사적공원,부산광역시 동래구 명륜동 137-4,0,0:00,24:00,,,,,
동래사적공원,부산광역시 동래구 명륜동 137-4,1,0:00,24:00,,,,,
동래사적공원,부산광역시 동래구 명륜동 137-4,2,0:00,24:00,,,,,
동래사적공원,부산광역시 동래구 명륜동 137-4,3,0:00,24:00,,,,,
동래사적공원,부산광역시 동래구 명륜동 137-4,4,0:00,24:00,,,,,
동래사적공원,부산광역시 동래구 명륜동 137-4,5,0:00,24:00,,,,,
동래사적공원,부산광역시 동래구 명륜동 137-4,6,0:00,24:00,,,,,
동래읍성,부산 동래구 명륜동 산48-2,0,0:00,24:00,,,,,
동래읍성,부산 동래구 명륜동 산48-2,1,0:00,24:00,,,,,
동래읍성,부산 동래구 명륜동 산48-2,2,0:00,24:00,,,,,
동래읍성,부산 동래구 명륜동 산48-2,3,0:00,24:00,,,,,
동래읍성,부산 동래구 명륜동 산48-2,4,0:00,24:00,,,,,
동래읍성,부산 동래구 명륜동 산48-2,5,0:00,24:00,,,,,
동래읍성,부산 동래구 명륜동 산48-2,6,0:00,24:00,,,,,
동래향교,부산광역시 동래구 명륜동 235,0,0:00,24:00,,,,,
동래향교,부산광역시 동래구 명륜동 235,1,0:00,24:00,,,,,
동래향교,부산광역시 동래구 명륜동 235,2,0:00,24:00,,,,,
동래향교,부산광역시 동래구 명륜동 235,3,0:00,24:00,,,,,
동래향교,부산광역시 동래구 명륜동 235,4,0:00,24:00,,,,,
동래향교,부산광역시 동래구 명륜동 235,5,0:00,24:00,,,,,
동래향교,부산광역시 동래구 명륜동 235,6,0:00,24:00,,,,,
두실새싹공원,부산광역시 금정구 구서동 1023-42,0,0:00,24:00,,,,,
두실새싹공원,부산광역시 금정구 구서동 1023-42,1,0:00,24:00,,,,,
두실새싹공원,부산광역시 금정구 구서동 1023-42,2,0:00,24:00,,,,,
두실새싹공원,부산광역시 금정구 구서동 1023-42,3,0:00,24:00,,,,,
두실새싹공원,부산광역시 금정구 구서동 1023-42,4,0:00,24:00,,,,,
두실새싹공원,부산광역시 금정구 구서동 1023-42,5,0:00,24:00,,,,,
두실새싹공원,부산광역시 금정구 구서동 1023-42,6,0:00,24:00,,,,,
디오티미술관,부산광역시 금정구 장전동 503-44,0,,,,,,TRUE,
디오티미술관,부산광역시 금정구 장전동 503-44,1,,,,,,TRUE,
디오티미술관,부산광역시 금정구 장전동 503-44,2,11:00,18:00,,,,,
디오티미술관,부산광역시 금정구 장전동 503-44,3,11:00,18:00,,,,,
디오티미술관,부산광역시 금정구 장전동 503-44,4,11:00,18:00,,,,,
디오티미술관,부산광역시 금정구 장전동 503-44,5,11:00,18:00,,,,,
디오티미술관,부산광역시 금정구 장전동 503-44,6,11:00,18:00,,,,,
미남공원,부산광역시 동래구 온천동 1236-10,0,11:00,24:00,,,,,
미남공원,부산광역시 동래구 온천동 1236-10,1,11:00,24:00,,,,,
미남공원,부산광역시 동래구 온천동 1236-10,2,11:00,24:00,,,,,
미남공원,부산광역시 동래구 온천동 1236-10,3,11:00,24:00,,,,,
미남공원,부산광역시 동래구 온천동 1236-10,4,11:00,24:00,,,,,
미남공원,부산광역시 동래구 온천동 1236-10,5,11:00,24:00,,,,,
미남공원,부산광역시 동래구 온천동 1236-10,6,11:00,24:00,,,,,
부산대박물관,부산광역시 금정구 장전동 40,0,,,,,,TRUE,
부산대박물관,부산광역시 금정구 장전동 40,1,9:00,17:00,,,,,
부산대박물관,부산광역시 금정구 장전동 40,2,9:00,17:00,,,,,
부산대박물관,부산광역시 금정구 장전동 40,3,9:00,17:00,,,,,
부산대박물관,부산광역시 금정구 장전동 40,4,9:00,17:00,,,,,
부산대박물관,부산광역시 금정구 장전동 40,5,9:00,17:00,,,,,
부산대박물관,부산광역시 금정구 장전동 40,6,9:00,17:00,,,,,
부산해양자연사박물관,부산광역시 동래구 온천동 산13-1,0,9:00,18:00,,,17:00,,
부산해양자연사박물관,부산광역시 동래구 온천동 산13-1,1,,,,,,TRUE,
부산해양자연사박물관,부산광역시 동래구 온천동 산13-1,2,9:00,18:00,,,17:00,,
부산해양자연사박물관,부산광역시 동래구 온천동 산13-1,3,9:00,18:00,,,17:00,,
부산해양자연사박물관,부산광역시 동래구 온천동 산13-1,4,9:00,18:00,,,17:00,,
부산해양자연사박물관,부산광역시 동래구 온천동 산13-1,5,9:00,18:00,,,17:00,,
부산해양자연사박물관,부산광역시 동래구 온천동 산13-1,6,9:00,18:00,,,17:00,,
비석바위공원,부산광역시 금정구 장전동 724,0,0:00,24:00,,,,,
비석바위공원,부산광역시 금정구 장전동 724,1,0:00,24:00,,,,,
비석바위공원,부산광역시 금정구 장전동 724,2,0:00,24:00,,,,,
비석바위공원,부산광역시 금정구 장전동 724,3,0:00,24:00,,,,,
비석바위공원,부산광역시 금정구 장전동 724,4,0:00,24:00,,,,,
비석바위공원,부산광역시 금정구 장전동 724,5,0:00,24:00,,,,,
비석바위공원,부산광역시 금정구 장전동 724,6,0:00,24:00,,,,,
산저공원,부산광역시 동래구 온천동 1853-25,0,0:00,24:00,,,,,
산저공원,부산광역시 동래구 온천동 1853-25,1,0:00,24:00,,,,,
산저공원,부산광역시 동래구 온천동 1853-25,2,0:00,24:00,,,,,
산저공원,부산광역시 동래구 온천동 1853-25,3,0:00,24:00,,,,,
산저공원,부산광역시 동래구 온천동 1853-25,4,0:00,24:00,,,,,
산저공원,부산광역시 동래구 온천동 1853-25,5,0:00,24:00,,,,,
산저공원,부산광역시 동래구 온천동 1853-25,6,0:00,24:00,,,,,
샘골공원,부산광역시 금정구 구서동 637-1,0,0:00,24:00,,,,,
샘골공원,부산광역시 금정구 구서동 637-1,1,0:00,24:00,,,,,
샘골공원,부산광역시 금정구 구서동 637-1,2,0:00,24:00,,,,,
샘골공원,부산광역시 금정구 구서동 637-1,3,0:00,24:00,,,,,
샘골공원,부산광역시 금정구 구서동 637-1,4,0:00,24:00,,,,,
샘골공원,부산광역시 금정구 구서동 637-1,5,0:00,24:00,,,,,
샘골공원,부산광역시 금정구 구서동 637-1,6,0:00,24:00,,,,,
솔밭공원,부산광역시 동래구 온천동 1020-18,0,0:00,24:00,,,,,
솔밭공원,부산광역시 동래구 온천동 1020-18,1,0:00,24:00,,,,,
솔밭공원,부산광역시 동래구 온천동 1020-18,2,0:00,24:00,,,,,
솔밭공원,부산광역시 동래구 온천동 1020-18,3,0:00,24:00,,,,,
솔밭공원,부산광역시 동래구 온천동 1020-18,4,0:00,24:00,,,,,
솔밭공원,부산광역시 동래구 온천동 1020-18,5,0:00,24:00,,,,,
솔밭공원,부산광역시 동래구 온천동 1020-18,6,0:00,24:00,,,,,
숲속공원,부산광역시 금정구 부곡동 961,0,0:00,24:00,,,,,
숲속공원,부산광역시 금정구 부곡동 961,1,0:00,24:00,,,,,
숲속공원,부산광역시 금정구 부곡동 961,2,0:00,24:00,,,,,
숲속공원,부산광역시 금정구 부곡동 961,3,0:00,24:00,,,,,
숲속공원,부산광역시 금정구 부곡동 961,4,0:00,24:00,,,,,
숲속공원,부산광역시 금정구 부곡동 961,5,0:00,24:00,,,,,
숲속공원,부산광역시 금정구 부곡동 961,6,0:00,24:00,,,,,
숲향기공원,부산광역시 동래구 온천동 1853-9,0,0:00,24:00,,,,,
숲향기공원,부산광역시 동래구 온천동 1853-9,1,0:00,24:00,,,,,
숲향기공원,부산광역시 동래구 온천동 1853-9,2,0:00,24:00,,,,,
숲향기공원,부산광역시 동래구 온천동 1853-9,3,0:00,24:00,,,,,
숲향기공원,부산광역시 동래구 온천동 1853-9,4,0:00,24:00,,,,,
숲향기공원,부산광역시 동래구 온천동 1853-9,5,0:00,24:00,,,,,
숲향기공원,부산광역시 동래구 온천동 1853-9,6,0:00,24:00,,,,,
아트스페이스 리,부산광역시 금정구 장전동 503-7,0,,,,,,TRUE,
아트스페이스 리,부산광역시 금정구 장전동 503-7,1,,,,,,TRUE,
아트스페이스 리,부산광역시 금정구 장전동 503-7,2,10:00,18:00,,,,,
아트스페이스 리,부산광역시 금정구 장전동 503-7,3,10:00,18:00,,,,,
아트스페이스 리,부산광역시 금정구 장전동 503-7,4,10:00,18:00,,,,,
아트스페이스 리,부산광역시 금정구 장전동 503-7,5,10:00,18:00,,,,,
아트스페이스 리,부산광역시 금정구 장전동 503-7,6,10:00,18:00,,,,,
오륜대 순교자 성지,부산광역시 금정구 부곡동 1-4 ,0,10:00,17:00,,,,,
오륜대 순교자 성지,부산광역시 금정구 부곡동 1-4 ,1,,,,,,TRUE,
오륜대 순교자 성지,부산광역시 금정구 부곡동 1-4 ,2,10:00,17:00,,,,,
오륜대 순교자 성지,부산광역시 금정구 부곡동 1-4 ,3,10:00,17:00,,,,,
오륜대 순교자 성지,부산광역시 금정구 부곡동 1-4 ,4,10:00,17:00,,,,,
오륜대 순교자 성지,부산광역시 금정구 부곡동 1-4 ,5,10:00,17:00,,,,,
오륜대 순교자 성지,부산광역시 금정구 부곡동 1-4 ,6,10:00,17:00,,,,,
오륜대한국순교자박물관,부산광역시 금정구 부곡동 1-4,0,10:00,17:00,,,,,
오륜대한국순교자박물관,부산광역시 금정구 부곡동 1-4,1,,,,,,TRUE,
오륜대한국순교자박물관,부산광역시 금정구 부곡동 1-4,2,10:00,17:00,,,,,
오륜대한국순교자박물관,부산광역시 금정구 부곡동 1-4,3,10:00,17:00,,,,,
오륜대한국순교자박물관,부산광역시 금정구 부곡동 1-4,4,10:00,17:00,,,,,
오륜대한국순교자박물관,부산광역시 금정구 부곡동 1-4,5,10:00,17:00,,,,,
오륜대한국순교자박물관,부산광역시 금정구 부곡동 1-4,6,10:00,17:00,,,,,
온새미로공원,부산광역시 동래구 온천동 1836,0,0:00,24:00,,,,,
온새미로공원,부산광역시 동래구 온천동 1836,1,0:00,24:00,,,,,
온새미로공원,부산광역시 동래구 온천동 1836,2,0:00,24:00,,,,,
온새미로공원,부산광역시 동래구 온천동 1836,3,0:00,24:00,,,,,
온새미로공원,부산광역시 동래구 온천동 1836,4,0:00,24:00,,,,,
온새미로공원,부산광역시 동래구 온천동 1836,5,0:00,24:00,,,,,
온새미로공원,부산광역시 동래구 온천동 1836,6,0:00,24:00,,,,,
온천3동공원,부산광역시 동래구 온천동 1379-1,0,0:00,24:00,,,,,
온천3동공원,부산광역시 동래구 온천동 1379-1,1,0:00,24:00,,,,,
온천3동공원,부산광역시 동래구 온천동 1379-1,2,0:00,24:00,,,,,
온천3동공원,부산광역시 동래구 온천동 1379-1,3,0:00,24:00,,,,,
온천3동공원,부산광역시 동래구 온천동 1379-1,4,0:00,24:00,,,,,
온천3동공원,부산광역시 동래구 온천동 1379-1,5,0:00,24:00,,,,,
온천3동공원,부산광역시 동래구 온천동 1379-1,6,0:00,24:00,,,,,
온천공원,부산광역시 동래구 온천동 산201-1,0,0:00,24:00,,,,,
온천공원,부산광역시 동래구 온천동 산201-1,1,0:00,24:00,,,,,
온천공원,부산광역시 동래구 온천동 산201-1,2,0:00,24:00,,,,,
온천공원,부산광역시 동래구 온천동 산201-1,3,0:00,24:00,,,,,
온천공원,부산광역시 동래구 온천동 산201-1,4,0:00,24:00,,,,,
온천공원,부산광역시 동래구 온천동 산201-1,5,0:00,24:00,,,,,
온천공원,부산광역시 동래구 온천동 산201-1,6,0:00,24:00,,,,,
온천아파트공원,부산광역시 동래구 온천동 707,0,0:00,24:00,,,,,
온천아파트공원,부산광역시 동래구 온천동 707,1,0:00,24:00,,,,,
온천아파트공원,부산광역시 동래구 온천동 707,2,0:00,24:00,,,,,
온천아파트공원,부산광역시 동래구 온천동 707,3,0:00,24:00,,,,,
온천아파트공원,부산광역시 동래구 온천동 707,4,0:00,24:00,,,,,
온천아파트공원,부산광역시 동래구 온천동 707,5,0:00,24:00,,,,,
온천아파트공원,부산광역시 동래구 온천동 707,6,0:00,24:00,,,,,
온천어린이공원,부산광역시 동래구 온천동 387-10,0,0:00,24:00,,,,,
온천어린이공원,부산광역시 동래구 온천동 387-10,1,0:00,24:00,,,,,
온천어린이공원,부산광역시 동래구 온천동 387-10,2,0:00,24:00,,,,,
온천어린이공원,부산광역시 동래구 온천동 387-10,3,0:00,24:00,,,,,
온천어린이공원,부산광역시 동래구 온천동 387-10,4,0:00,24:00,,,,,
온천어린이공원,부산광역시 동래구 온천동 387-10,5,0:00,24:00,,,,,
온천어린이공원,부산광역시 동래구 온천동 387-10,6,0:00,24:00,,,,,
우성공원,부산광역시 금정구 구서동 1030-1,0,0:00,24:00,,,,,
우성공원,부산광역시 금정구 구서동 1030-1,1,0:00,24:00,,,,,
우성공원,부산광역시 금정구 구서동 1030-1,2,0:00,24:00,,,,,
우성공원,부산광역시 금정구 구서동 1030-1,3,0:00,24:00,,,,,
우성공원,부산광역시 금정구 구서동 1030-1,4,0:00,24:00,,,,,
우성공원,부산광역시 금정구 구서동 1030-1,5,0:00,24:00,,,,,
우성공원,부산광역시 금정구 구서동 1030-1,6,0:00,24:00,,,,,
우장춘 기념관,부산광역시 동래구 온천동 850-48,0,9:00,18:00,,,,,
우장춘 기념관,부산광역시 동래구 온천동 850-48,1,,,,,,TRUE,
우장춘 기념관,부산광역시 동래구 온천동 850-48,2,9:00,18:00,,,,,
우장춘 기념관,부산광역시 동래구 온천동 850-48,3,9:00,18:00,,,,,
우장춘 기념관,부산광역시 동래구 온천동 850-48,4,9:00,18:00,,,,,
우장춘 기념관,부산광역시 동래구 온천동 850-48,5,9:00,18:00,,,,,
우장춘 기념관,부산광역시 동래구 온천동 850-48,6,9:00,18:00,,,,,
장전공원,부산광역시 금정구 장전동 산 30,0,0:00,24:00,,,,,
장전공원,부산광역시 금정구 장전동 산 30,1,0:00,24:00,,,,,
장전공원,부산광역시 금정구 장전동 산 30,2,0:00,24:00,,,,,
장전공원,부산광역시 금정구 장전동 산 30,3,0:00,24:00,,,,,
장전공원,부산광역시 금정구 장전동 산 30,4,0:00,24:00,,,,,
장전공원,부산광역시 금정구 장전동 산 30,5,0:00,24:00,,,,,
장전공원,부산광역시 금정구 장전동 산 30,6,0:00,24:00,,,,,
하늘공원,부산광역시 동래구 온천동 1853-28,0,0:00,24:00,,,,,
하늘공원,부산광역시 동래구 온천동 1853-28,1,0:00,24:00,,,,,
하늘공원,부산광역시 동래구 온천동 1853-28,2,0:00,24:00,,,,,
하늘공원,부산광역시 동래구 온천동 1853-28,3,0:00,24:00,,,,,
하늘공원,부산광역시 동래구 온천동 1853-28,4,0:00,24:00,,,,,
하늘공원,부산광역시 동래구 온천동 1853-28,5,0:00,24:00,,,,,
하늘공원,부산광역시 동래구 온천동 1853-28,6,0:00,24:00,,,,,
